sid,generation,fitness,duration_mean,waiting_mean,time_loss,speed,sin_llegar,trabada,pasos,vehicles
0,0,0.0037275096401572227,189.484,71.629,119.2,7.84,0,False,,763.0
1,0,0.0025700887199491262,255.377,121.558,185.11,6.68,0,False,,763.0
2,0,0.0025750065688043833,253.74,122.371,183.44,6.74,0,False,,763.0
3,0,0.0028977636247873306,233.14,101.776,162.88,6.92,0,False,,763.0
4,0,0.003326315898448229,211.048,81.44,140.75,7.2,0,False,,763.0
5,0,0.0032586492598056793,213.67,84.733,143.37,6.97,0,False,,763.0
6,0,0.0022489051334559917,282.368,147.539,212.07,6.16,0,False,,763.0
7,0,0.0018173251301050186,334.385,196.249,264.12,6.2,0,False,,763.0
8,0,0.00294413510710001,230.663,99.087,160.41,6.84,0,False,,763.0
9,0,0.003434565383940935,205.402,77.959,135.11,7.22,0,False,,763.0
10,0,0.0031491343397647142,220.064,88.621,149.78,6.91,0,False,,763.0
11,0,0.002492355415597558,260.619,127.826,190.28,6.64,0,False,,763.0
12,0,0.003412957303225994,206.849,78.32,136.55,7.29,0,False,,763.0
13,0,0.0026323196943849325,250.453,117.672,180.19,6.49,0,False,,763.0
14,0,0.0030231266282498837,226.165,95.107,155.9,6.9,0,False,,763.0
15,0,0.0032161008566617966,216.177,86.144,145.9,7.13,0,False,,763.0
16,0,0.0034790474455803633,204.655,75.254,134.36,7.23,0,False,,763.0
17,0,0.0025781921576708555,254.069,121.636,183.79,6.72,0,False,,763.0
18,0,0.0035792693961411715,199.532,72.595,129.26,7.44,0,False,,763.0
19,0,0.003370866645127535,208.165,80.45,137.87,7.13,0,False,,763.0
20,0,0.0028276718221604824,236.839,106.19,166.55,6.87,0,False,,763.0
21,0,0.0023630617652088404,271.628,137.775,201.34,6.41,0,False,,763.0
22,0,0.003461224725469947,204.545,76.7,134.24,7.26,0,False,,763.0
23,0,0.0029912511818110943,228.385,96.294,158.07,6.71,0,False,,763.0
24,0,0.0031899739988148212,217.554,87.207,147.28,6.94,0,False,,763.0
25,0,0.003357024397701025,210.09,79.811,139.78,7.12,0,False,,763.0
26,0,0.003429156495258212,206.779,77.126,136.5,7.23,0,False,,763.0
27,0,0.002659596735611558,248.674,115.748,178.37,6.66,0,False,,763.0
28,0,0.002130201319232583,294.461,159.071,224.14,6.61,0,False,,763.0
29,0,0.0029004127718508244,233.193,101.442,162.9,6.85,0,False,,763.0
30,1,0.0032665214966982603,214.347,83.444,144.04,6.94,0,False,,763.0
31,1,0.003315598238259554,211.494,81.919,141.19,7.07,0,False,,763.0
32,1,0.003463790751993656,205.114,75.988,134.83,7.28,0,False,,763.0
33,1,0.0030128962825983763,227.13,95.252,156.84,6.74,0,False,,763.0
34,1,0.0030233038123697042,226.172,95.084,155.84,6.89,0,False,,763.0
35,1,0.0033568383660167456,207.186,82.467,136.89,7.19,0,False,,763.0
36,1,0.003432710887864232,205.372,78.13,135.11,7.36,0,False,,763.0
37,1,0.0033692691940814257,209.051,79.772,138.74,7.06,0,False,,763.0
38,1,0.0033876451198011637,207.433,79.78,137.14,7.11,0,False,,763.0
39,1,0.0035480668302625418,201.301,73.22,131.03,7.42,0,False,,763.0
40,1,0.0032475434709340334,213.858,85.515,143.56,7.12,0,False,,763.0
41,1,0.0033255198504775763,209.565,82.855,139.29,7.09,0,False,,763.0
42,1,0.0027830656617879868,239.497,108.927,169.22,6.94,0,False,,763.0
43,1,0.002335644094273448,273.362,140.714,203.08,6.68,0,False,,763.0
44,1,0.003072483465075493,224.404,91.878,154.14,6.95,0,False,,763.0
45,1,0.0029604602605104446,230.349,97.67,160.07,6.68,0,False,,763.0
46,1,0.0029074286576360464,231.983,101.785,161.69,6.89,0,False,,763.0
47,1,0.003345802891999483,209.139,81.585,138.85,7.1,0,False,,763.0
48,1,0.0032499837689101696,212.682,86.375,142.38,7.1,0,False,,763.0
49,1,0.003362338524311781,208.599,80.739,138.32,7.33,0,False,,763.0
50,1,0.0032124801073223352,215.974,86.647,145.67,7.06,0,False,,763.0
51,1,0.0032102863769978285,216.817,86.075,146.54,6.94,0,False,,763.0
52,1,0.0030984117183834314,221.35,92.178,151.06,6.95,0,False,,763.0
53,1,0.0033001285046339035,211.759,82.963,141.49,7.05,0,False,,763.0
54,1,0.003305531572550535,212.545,81.798,142.24,6.99,0,False,,763.0
55,1,0.002332651987671852,272.844,141.684,202.53,6.85,0,False,,763.0
56,1,0.003375241532921791,208.983,79.356,138.66,7.17,0,False,,763.0
57,1,0.0029640609864145517,230.113,97.511,159.8,6.68,0,False,,763.0
58,1,0.0014081868575885892,411.136,271.815,340.87,6.15,0,False,,763.0
59,2,0.0034606815315783024,203.529,77.664,133.2,7.39,0,False,,763.0
60,2,0.003605158068239689,195.144,74.76,124.87,7.65,0,False,,763.0
61,2,0.003327601123601198,209.615,82.638,139.31,7.15,0,False,,763.0
62,2,0.0032139713875949383,214.996,87.405,144.7,7.16,0,False,,763.0
63,2,0.0036608069203794003,196.539,69.659,126.27,7.51,0,False,,763.0
64,2,0.0032783164642751217,211.796,84.763,141.53,7.06,0,False,,763.0
65,2,0.0032351838890463114,214.392,86.1,144.1,7.12,0,False,,763.0
66,2,0.003177620004862547,216.526,89.25,146.23,6.99,0,False,,763.0
67,2,0.0033558316063135862,208.224,81.604,137.94,7.15,0,False,,763.0
68,2,0.0036057457327842712,197.197,72.853,126.9,7.42,0,False,,763.0
69,2,0.003499526297673583,201.638,76.468,131.36,7.31,0,False,,763.0
70,2,0.0019428873201832175,315.638,180.963,245.35,6.42,0,False,,763.0
71,2,0.0024883311707526445,260.516,128.509,190.22,6.52,0,False,,763.0
72,2,0.0037122503854334354,189.99,72.172,119.73,7.85,0,False,,763.0
73,2,0.0033308612182736397,209.326,82.633,139.03,7.11,0,False,,763.0
74,2,0.0032645133323967457,213.026,84.817,142.72,7.2,0,False,,763.0
75,2,0.003516389988362789,202.107,74.796,131.81,7.33,0,False,,763.0
76,2,0.00345847150310874,205.085,76.418,134.82,7.35,0,False,,763.0
77,2,0.003245641477406025,214.231,85.341,143.94,7.1,0,False,,763.0
78,2,0.0034007434733211994,205.856,80.18,135.56,7.34,0,False,,763.0
79,2,0.0033414217177778482,209.387,81.716,139.09,7.14,0,False,,763.0
80,2,0.003150171833112836,217.664,90.708,147.38,6.91,0,False,,763.0
81,2,0.0036839721724390984,194.671,69.796,124.38,7.54,0,False,,763.0
82,2,0.003570659551769495,199.514,73.224,129.24,7.37,0,False,,763.0
83,2,0.003331416519358754,208.659,83.194,138.34,7.23,0,False,,763.0
84,2,0.0036247253883630037,193.64,74.767,123.32,7.7,0,False,,763.0
85,2,0.003522275947034359,200.199,76.098,129.92,7.39,0,False,,763.0
86,2,0.003037519520148635,225.807,94.008,155.49,6.93,0,False,,763.0
87,2,0.003366813063621521,209.149,79.879,138.87,7.28,0,False,,763.0
88,3,0.003297920571640134,209.341,85.346,139.06,7.13,0,False,,763.0
89,3,0.0037519761826843023,190.528,69.089,120.27,7.75,0,False,,763.0
90,3,0.003649146528914571,196.763,70.249,126.47,7.49,0,False,,763.0
91,3,0.003633366199210286,196.236,71.81,125.92,7.63,0,False,,763.0
92,3,0.003617294831201434,194.46,74.536,124.13,7.7,0,False,,763.0
93,3,0.003780178725719452,187.663,69.886,117.36,7.87,0,False,,763.0
94,3,0.002514005871489644,259.476,125.723,189.18,6.54,0,False,,763.0
95,3,0.003604802070185542,197.696,72.465,127.42,7.47,0,False,,763.0
96,3,0.0035994742065668106,195.291,75.025,125.02,7.63,0,False,,763.0
97,3,0.003652208251878619,193.106,73.364,122.82,7.74,0,False,,763.0
98,3,0.00374012254178524,189.174,71.088,118.87,7.86,0,False,,763.0
99,3,0.003512744093313813,200.785,76.266,130.5,7.52,0,False,,763.0
100,3,0.003362491028383374,206.052,83.042,135.76,7.27,0,False,,763.0
101,3,0.003924049437046051,185.018,63.473,114.72,7.89,0,False,,763.0
102,3,0.0037659225054085255,192.426,66.467,122.12,7.69,0,False,,763.0
103,3,0.0034232258331030607,205.143,79.072,134.82,7.39,0,False,,763.0
104,3,0.0035952492617070675,194.592,75.957,124.3,7.69,0,False,,763.0
105,3,0.0038538563530892134,184.91,67.792,114.63,7.96,0,False,,763.0
106,3,0.003452054690569639,203.041,78.765,132.74,7.4,0,False,,763.0
107,3,0.00274936412461102,240.952,111.608,170.66,6.79,0,False,,763.0
108,3,0.0036812368780374527,191.717,72.664,121.46,7.78,0,False,,763.0
109,3,0.0036393729969859123,193.166,74.187,122.87,7.68,0,False,,763.0
110,3,0.0036240299232304096,194.047,74.444,123.73,7.69,0,False,,763.0
111,3,0.0036603310145437717,193.891,72.098,123.62,7.52,0,False,,763.0
112,3,0.0036773246247321367,193.556,71.256,123.25,7.56,0,False,,763.0
113,3,0.003878967836499214,186.902,64.453,116.63,7.78,0,False,,763.0
114,3,0.0035095675848424435,201.856,75.527,131.55,7.31,0,False,,763.0
115,3,0.003346809884533286,208.899,81.721,138.61,7.23,0,False,,763.0
116,3,0.0035862457007169724,196.101,75.22,125.79,7.6,0,False,,763.0
117,4,0.0035644446033984423,198.033,75.014,127.7,7.52,0,False,,763.0
118,4,0.003919745329767466,182.696,65.839,112.42,7.99,0,False,,763.0
119,4,0.003752516582608223,189.456,70.029,119.17,7.73,0,False,,763.0
120,4,0.0037705861032009125,190.203,68.189,119.91,7.79,0,False,,763.0
121,4,0.0036711266729980707,193.895,71.364,123.59,7.59,0,False,,763.0
122,4,0.003399529727175832,205.181,80.889,134.86,7.34,0,False,,763.0
123,4,0.0035903837997466326,196.633,74.444,126.31,7.48,0,False,,763.0
124,4,0.0036243360955268145,193.963,74.499,123.68,7.68,0,False,,763.0
125,4,0.003643841715529561,192.889,74.134,122.6,7.69,0,False,,763.0
126,4,0.003409507218748331,204.865,80.393,134.59,7.47,0,False,,763.0
127,4,0.0035671137738972902,199.051,73.898,128.73,7.52,0,False,,763.0
128,4,0.0037369977217167616,190.73,69.877,120.4,7.77,0,False,,763.0
129,4,0.003899559611454606,184.815,65.113,114.53,7.9,0,False,,763.0
130,4,0.0036659128963947296,192.256,73.207,121.96,7.77,0,False,,763.0
131,4,0.0038015861064195633,188.229,68.017,117.94,7.81,0,False,,763.0
132,4,0.0037716152146458626,189.975,68.33,119.71,7.76,0,False,,763.0
133,4,0.0035782300401479006,197.005,74.966,126.68,7.48,0,False,,763.0
134,4,0.0037390028592199087,190.781,69.7,120.47,7.72,0,False,,763.0
135,4,0.003678274806588888,193.134,71.575,122.83,7.64,0,False,,763.0
136,4,0.0036623338237404823,192.733,73.016,122.42,7.73,0,False,,763.0
137,4,0.003678668290376663,191.55,72.988,121.26,7.8,0,False,,763.0
138,4,0.0033076698891818523,210.767,83.237,140.45,7.27,0,False,,763.0
139,4,0.0036011715419590473,195.36,74.843,125.05,7.66,0,False,,763.0
140,4,0.003891661996021867,185.19,65.245,114.89,7.86,0,False,,763.0
141,4,0.00374165759421885,191.468,68.903,121.17,7.71,0,False,,763.0
142,4,0.0036161376629024744,194.916,74.202,124.64,7.66,0,False,,763.0
143,4,0.0037930437829345465,188.75,68.083,118.46,7.8,0,False,,763.0
144,4,0.003702047048136592,192.239,70.802,121.97,7.7,0,False,,763.0
145,4,0.0037407332565635443,190.332,69.996,120.03,7.79,0,False,,763.0
146,5,0.003891223343089223,185.636,64.866,115.33,7.94,0,False,,763.0
147,5,0.0039317552000284195,185.198,62.856,114.91,7.92,0,False,,763.0
148,5,0.003859996097162366,187.163,65.368,116.88,7.8,0,False,,763.0
149,5,0.003982005175203085,182.91,62.018,112.58,7.95,0,False,,763.0
150,5,0.0037325751036405563,190.674,70.216,120.38,7.78,0,False,,763.0
151,5,0.0035420856438577175,198.993,75.751,128.67,7.54,0,False,,763.0
152,5,0.0037810385692864656,189.735,67.948,119.44,7.73,0,False,,763.0
153,5,0.003708904841914773,192.245,70.342,121.96,7.59,0,False,,763.0
154,5,0.0035565076395869255,197.957,75.653,127.67,7.54,0,False,,763.0
155,5,0.004005076829344034,181.446,62.034,111.15,8.03,0,False,,763.0
156,5,0.003897295333445072,184.377,65.646,114.1,7.94,0,False,,763.0
157,5,0.003758563194423914,189.562,69.543,119.28,7.83,0,False,,763.0
158,5,0.0037097795866429806,192.708,69.864,122.4,7.7,0,False,,763.0
159,5,0.003768414491787553,191.14,67.476,120.85,7.69,0,False,,763.0
160,5,0.0038215576205402613,188.727,66.315,118.43,7.72,0,False,,763.0
161,5,0.0038970084860920906,185.746,64.419,115.47,7.88,0,False,,763.0
162,5,0.003862714162096381,185.929,66.324,115.66,7.78,0,False,,763.0
163,5,0.0036688141990453005,193.865,71.548,123.57,7.64,0,False,,763.0
164,5,0.003839903511106968,188.211,65.647,117.9,7.76,0,False,,763.0
165,5,0.0036040868144482374,196.713,73.409,126.41,7.49,0,False,,763.0
166,5,0.0038163147401064634,187.396,67.852,117.11,7.8,0,False,,763.0
167,5,0.003798077814280987,189.058,67.485,118.77,7.79,0,False,,763.0
168,5,0.003664185758680105,192.599,73.012,122.3,7.67,0,False,,763.0
169,5,0.003964470233768225,182.211,63.663,111.93,7.99,0,False,,763.0
170,5,0.0037598281633108854,189.765,69.277,119.45,7.65,0,False,,763.0
171,5,0.0036181816831231117,196.075,73.007,125.79,7.61,0,False,,763.0
172,5,0.003977467305958271,182.841,62.341,112.53,7.95,0,False,,763.0
173,5,0.0036052362993359566,195.839,74.123,125.52,7.51,0,False,,763.0
174,5,0.003953265491873026,182.414,64.128,112.07,7.97,0,False,,763.0
175,6,0.003930254839360714,185.221,62.923,114.91,7.88,0,False,,763.0
176,6,0.0038649486377835274,187.109,65.115,116.82,7.85,0,False,,763.0
177,6,0.0037650528829544783,190.4,68.364,120.08,7.68,0,False,,763.0
178,6,0.003761242376640439,190.91,68.145,120.63,7.7,0,False,,763.0
179,6,0.003645507385954261,195.224,71.896,124.92,7.55,0,False,,763.0
180,6,0.0038302710745483637,188.87,65.644,118.55,7.81,0,False,,763.0
181,6,0.0037586300168186426,191.368,67.896,121.05,7.7,0,False,,763.0
182,6,0.0039062397554516792,185.467,64.122,115.17,7.83,0,False,,763.0
183,6,0.003993246704339981,182.41,61.83,112.12,7.98,0,False,,763.0
184,6,0.003981172107160091,183.408,61.613,113.11,8.0,0,False,,763.0
185,6,0.0038131314795464277,188.596,66.959,118.33,7.79,0,False,,763.0
186,6,0.003954716492444277,183.875,62.716,113.6,7.92,0,False,,763.0
187,6,0.0038962485268712044,186.052,64.186,115.75,7.88,0,False,,763.0
188,6,0.0038676403928548098,187.021,65.031,116.75,7.87,0,False,,763.0
189,6,0.0037434734404087067,190.962,69.245,120.66,7.64,0,False,,763.0
190,6,0.0038519224617630243,187.081,65.936,116.78,7.82,0,False,,763.0
191,6,0.0037655283231288195,190.952,67.832,120.65,7.67,0,False,,763.0
192,6,0.0038816104643046856,186.97,64.232,116.68,7.86,0,False,,763.0
193,6,0.0036536615807563066,196.43,70.244,126.12,7.56,0,False,,763.0
194,6,0.003754416713491082,191.353,68.182,121.06,7.66,0,False,,763.0
195,6,0.0039298273622989655,184.7,63.422,114.45,7.92,0,False,,763.0
196,6,0.003953480627387762,183.273,63.336,112.98,8.01,0,False,,763.0
197,6,0.003869348904117942,187.081,64.873,116.78,7.8,0,False,,763.0
198,6,0.0038789797108620405,186.232,65.062,115.92,7.85,0,False,,763.0
199,6,0.003789385547861457,189.347,67.771,119.06,7.81,0,False,,763.0
200,6,0.0037273496855050325,192.093,69.267,121.79,7.6,0,False,,763.0
201,6,0.003716919803991914,191.932,70.098,121.64,7.67,0,False,,763.0
202,6,0.0038278254214674234,187.937,66.644,117.66,7.8,0,False,,763.0
203,6,0.0036503684241324663,194.927,71.835,124.61,7.59,0,False,,763.0
204,7,0.0038772018160670996,186.722,64.723,116.4,7.84,0,False,,763.0
205,7,0.0038838449399918318,186.218,64.781,115.92,7.88,0,False,,763.0
206,7,0.003919926472008228,184.847,63.873,114.57,7.87,0,False,,763.0
207,7,0.0039346772246062756,184.246,63.549,113.95,7.97,0,False,,763.0
208,7,0.003999427426606417,182.33,61.55,112.05,7.99,0,False,,763.0
209,7,0.003856835188344121,186.841,65.853,116.56,7.87,0,False,,763.0
210,7,0.0037967395037412643,190.033,66.683,119.74,7.75,0,False,,763.0
211,7,0.003855844959616661,187.848,64.999,117.55,7.82,0,False,,763.0
212,7,0.0037028733640909195,193.231,69.845,122.92,7.68,0,False,,763.0
213,7,0.0037124454975128174,192.409,69.959,122.1,7.72,0,False,,763.0
214,7,0.00379428849555552,189.355,67.453,119.03,7.76,0,False,,763.0
215,7,0.0038880605716258287,186.328,64.427,116.02,7.88,0,False,,763.0
216,7,0.003825997933745384,187.641,67.026,117.33,7.81,0,False,,763.0
217,7,0.003942863084375858,183.958,63.332,113.66,7.92,0,False,,763.0
218,7,0.003892178414389491,186.569,63.961,116.26,7.81,0,False,,763.0
219,7,0.003970312420278788,183.976,61.721,113.68,7.91,0,False,,763.0
220,7,0.0037433539982885122,191.511,68.754,121.2,7.7,0,False,,763.0
221,7,0.003868344472721219,186.972,65.033,116.68,7.86,0,False,,763.0
222,7,0.0038508980069309473,188.25,64.936,117.94,7.78,0,False,,763.0
223,7,0.003944952506572008,185.028,62.237,114.69,7.98,0,False,,763.0
224,7,0.003648144658654928,195.304,71.644,125.01,7.61,0,False,,763.0
225,7,0.003954546060413122,183.651,62.929,113.35,7.97,0,False,,763.0
226,7,0.003925638273358345,184.219,64.106,113.93,7.93,0,False,,763.0
227,7,0.003854617476463318,187.094,65.759,116.8,7.83,0,False,,763.0
228,7,0.003837734926491976,187.388,66.529,117.11,7.84,0,False,,763.0
229,7,0.003989938646554947,182.713,61.743,112.43,7.98,0,False,,763.0
230,7,0.004002843517810106,182.33,61.356,112.03,7.97,0,False,,763.0
231,7,0.003938594833016396,185.102,62.541,114.78,7.89,0,False,,763.0
232,7,0.003989993128925562,182.56,61.879,112.26,8.0,0,False,,763.0
233,8,0.00379694951698184,189.212,67.415,118.93,7.73,0,False,,763.0
234,8,0.003812388749793172,189.585,66.107,119.29,7.79,0,False,,763.0
235,8,0.0039210245013237,185.273,63.421,114.98,7.88,0,False,,763.0
236,8,0.004078307654708624,179.771,59.481,109.46,8.03,0,False,,763.0
237,8,0.003929847851395607,184.569,63.54,114.28,7.88,0,False,,763.0
238,8,0.0038294869009405375,187.557,66.886,117.25,7.79,0,False,,763.0
239,8,0.0037300593685358763,192.081,69.101,121.78,7.76,0,False,,763.0
240,8,0.0038070925511419773,188.17,67.725,117.89,7.86,0,False,,763.0
241,8,0.003921858966350555,184.965,63.651,114.68,7.9,0,False,,763.0
242,8,0.00381054007448256,188.86,66.882,118.57,7.8,0,False,,763.0
243,8,0.003987614065408707,181.972,62.549,111.69,8.01,0,False,,763.0
244,8,0.003807258093729615,188.948,67.008,118.63,7.76,0,False,,763.0
245,8,0.0038421524222940207,187.645,66.024,117.31,7.83,0,False,,763.0
246,8,0.004033257719129324,181.389,60.499,111.1,8.03,0,False,,763.0
247,8,0.003911725245416164,184.861,64.346,114.57,7.91,0,False,,763.0
248,8,0.0038595390506088734,187.735,64.875,117.44,7.78,0,False,,763.0
249,8,0.0038180332630872726,189.484,65.847,119.17,7.76,0,False,,763.0
250,8,0.004056163597851992,179.46,60.98,109.17,8.08,0,False,,763.0
251,8,0.003995348233729601,181.291,62.727,111.01,8.01,0,False,,763.0
252,8,0.003993645776063204,182.315,61.894,111.99,8.0,0,False,,763.0
253,8,0.003909366205334663,185.25,64.132,114.95,7.92,0,False,,763.0
254,8,0.003952386789023876,185.225,61.624,114.92,7.93,0,False,,763.0
255,8,0.0037774783559143543,189.65,68.252,119.34,7.73,0,False,,763.0
256,8,0.00400153361260891,181.412,62.266,111.12,8.06,0,False,,763.0
257,8,0.003793903859332204,189.765,67.105,119.5,7.77,0,False,,763.0
258,8,0.0036872245837002993,193.62,70.533,123.33,7.7,0,False,,763.0
259,8,0.004040694795548916,180.878,60.549,110.59,7.99,0,False,,763.0
260,8,0.004025811795145273,181.287,61.009,111.0,8.0,0,False,,763.0
261,8,0.003960467875003815,183.814,62.438,113.52,7.93,0,False,,763.0
262,9,0.0039213551208376884,184.695,63.927,114.38,7.94,0,False,,763.0
263,9,0.003861582139506936,186.497,65.877,116.2,7.83,0,False,,763.0
264,9,0.0040920632891356945,178.383,59.993,108.13,8.06,0,False,,763.0
265,9,0.003927028272300959,184.443,63.82,114.16,7.93,0,False,,763.0
266,9,0.003962769638746977,182.527,63.474,112.23,8.01,0,False,,763.0
267,9,0.00399384880438447,181.678,62.461,111.38,7.99,0,False,,763.0
268,9,0.003988247364759445,182.789,61.771,112.5,7.95,0,False,,763.0
269,9,0.004011322278529406,181.642,61.502,111.37,8.04,0,False,,763.0
270,9,0.004003628622740507,181.408,62.151,111.11,7.96,0,False,,763.0
271,9,0.003923123236745596,184.893,63.642,114.59,7.86,0,False,,763.0
272,9,0.0036948579363524914,193.946,69.727,123.62,7.62,0,False,,763.0
273,9,0.003973801154643297,182.915,62.485,112.61,7.95,0,False,,763.0
274,9,0.00389336165972054,186.009,64.398,115.72,7.85,0,False,,763.0
275,9,0.0040425085462629795,180.46,60.828,110.19,8.05,0,False,,763.0
276,9,0.004012908320873976,181.359,61.67,111.05,7.96,0,False,,763.0
277,9,0.003958248998969793,182.788,63.499,112.48,7.94,0,False,,763.0
278,9,0.004019864369183779,180.87,61.722,110.55,8.05,0,False,,763.0
279,9,0.0038817308377474546,185.536,65.528,115.23,7.93,0,False,,763.0
280,9,0.004001495894044638,181.921,61.805,111.65,7.97,0,False,,763.0
281,9,0.004077106714248657,179.553,59.744,109.26,8.03,0,False,,763.0
282,9,0.004122539423406124,178.153,58.56,107.87,8.14,0,False,,763.0
283,9,0.003983703907579184,183.072,61.773,112.77,8.0,0,False,,763.0
284,9,0.0040046293288469315,182.089,61.474,111.77,7.96,0,False,,763.0
285,9,0.004022229462862015,181.295,61.203,110.99,7.99,0,False,,763.0
286,9,0.004008447285741568,181.628,61.678,111.34,8.01,0,False,,763.0
287,9,0.0038861294742673635,185.554,65.246,115.25,7.86,0,False,,763.0
288,9,0.0038294699043035507,187.387,67.042,117.1,7.84,0,False,,763.0
289,9,0.0040983958169817924,177.761,60.215,107.5,8.1,0,False,,763.0
290,9,0.004008904565125704,181.278,61.97,111.0,8.05,0,False,,763.0
291,10,0.003947415854781866,183.164,63.788,112.86,7.96,0,False,,763.0
292,10,0.003393515245988965,204.552,81.934,134.25,7.52,0,False,,763.0
293,10,0.003986047580838203,182.183,62.447,111.9,7.96,0,False,,763.0
294,10,0.004054234363138676,180.291,60.332,109.97,8.02,0,False,,763.0
295,10,0.0040505495853722095,179.979,60.819,109.66,8.03,0,False,,763.0
296,10,0.004053676500916481,180.615,60.068,110.31,8.03,0,False,,763.0
297,10,0.003929752390831709,184.421,63.68,114.1,7.84,0,False,,763.0
298,10,0.0039230044931173325,185.377,63.208,115.1,7.87,0,False,,763.0
299,10,0.0040127672255039215,181.516,61.535,111.22,8.04,0,False,,763.0
300,10,0.004025990143418312,180.604,61.62,110.27,8.03,0,False,,763.0
301,10,0.0039794426411390305,182.215,62.797,111.95,7.95,0,False,,763.0
302,10,0.003944956697523594,183.891,63.27,113.61,7.91,0,False,,763.0
303,10,0.003862624056637287,187.253,65.126,116.96,7.85,0,False,,763.0
304,10,0.0038760516326874495,185.87,65.567,115.56,7.81,0,False,,763.0
305,10,0.0038353465497493744,188.216,65.924,117.94,7.69,0,False,,763.0
306,10,0.0040719350799918175,179.581,60.003,109.29,7.98,0,False,,763.0
307,10,0.0037891881074756384,188.748,68.328,118.43,7.79,0,False,,763.0
308,10,0.00401103962212801,181.337,61.796,111.07,7.98,0,False,,763.0
309,10,0.003873406909406185,186.315,65.324,116.02,7.81,0,False,,763.0
310,10,0.003985336981713772,182.342,62.343,112.02,7.96,0,False,,763.0
311,10,0.003935141954571009,183.739,63.983,113.44,7.93,0,False,,763.0
312,10,0.004066227935254574,180.214,59.74,109.92,7.99,0,False,,763.0
313,10,0.004137079697102308,177.38,58.488,107.07,8.18,0,False,,763.0
314,10,0.003928489983081818,183.718,64.393,113.4,7.97,0,False,,763.0
315,10,0.0039399596862494946,184.136,63.339,113.84,7.99,0,False,,763.0
316,10,0.0038584929425269365,186.413,66.142,116.13,7.88,0,False,,763.0
317,10,0.0037438480649143457,191.792,68.467,121.51,7.68,0,False,,763.0
318,10,0.0039351643063127995,183.84,63.89,113.54,7.92,0,False,,763.0
319,10,0.003971767611801624,182.809,62.699,112.53,7.95,0,False,,763.0
320,11,0.004040814936161041,180.879,60.541,110.6,8.03,0,False,,763.0
321,11,0.004008306656032801,182.16,61.202,111.88,7.99,0,False,,763.0
322,11,0.004126838408410549,178.085,58.392,107.78,8.07,0,False,,763.0
323,11,0.0040266383439302444,182.128,60.198,111.83,8.0,0,False,,763.0
324,11,0.003961490001529455,183.384,62.769,113.08,7.97,0,False,,763.0
325,11,0.003918875474482775,184.119,64.596,113.81,7.96,0,False,,763.0
326,11,0.0038989679887890816,185.392,64.624,115.11,7.85,0,False,,763.0
327,11,0.004053439479321241,179.923,60.71,109.63,8.03,0,False,,763.0
328,11,0.003814912401139736,189.013,66.469,118.72,7.73,0,False,,763.0
329,11,0.003896081354469061,185.423,64.768,115.13,7.79,0,False,,763.0
330,11,0.004121203441172838,178.419,58.389,108.13,8.11,0,False,,763.0
331,11,0.0039796228520572186,183.381,61.726,113.09,7.89,0,False,,763.0
332,11,0.003932057414203882,185.278,62.765,115.0,7.86,0,False,,763.0
333,11,0.00392999779433012,183.902,64.138,113.59,7.86,0,False,,763.0
334,11,0.004049266222864389,180.71,60.225,110.42,8.04,0,False,,763.0
335,11,0.004126226529479027,178.187,58.332,107.87,8.15,0,False,,763.0
336,11,0.004030611366033554,181.246,60.777,110.95,8.02,0,False,,763.0
337,11,0.0033270963467657566,206.001,85.965,135.75,7.84,0,False,,763.0
338,11,0.004131833091378212,178.016,58.189,107.72,8.05,0,False,,763.0
339,11,0.004031891468912363,181.414,60.553,111.11,8.0,0,False,,763.0
340,11,0.004016732331365347,181.223,61.578,110.96,8.01,0,False,,763.0
341,11,0.003934239037334919,183.891,63.898,113.57,7.9,0,False,,763.0
342,11,0.0041200993582606316,178.288,58.567,108.01,8.15,0,False,,763.0
343,11,0.004053090699017048,180.489,60.215,110.19,8.0,0,False,,763.0
344,11,0.0038644589949399233,187.113,65.142,116.8,7.87,0,False,,763.0
345,11,0.004072521813213825,179.934,59.649,109.66,8.04,0,False,,763.0
346,11,0.004095540381968021,179.001,59.242,108.69,8.07,0,False,,763.0
347,11,0.003690010402351618,192.193,71.645,121.91,7.89,0,False,,763.0
348,11,0.0040341769345104694,181.435,60.406,111.13,8.05,0,False,,763.0
349,12,0.004071791656315327,179.855,59.761,109.59,8.02,0,False,,763.0
350,12,0.004098197445273399,179.33,58.799,109.02,8.08,0,False,,763.0
351,12,0.00406056921929121,181.083,59.262,110.79,8.0,0,False,,763.0
352,12,0.004071287345141172,180.286,59.397,110.02,8.07,0,False,,763.0
353,12,0.004012748133391142,181.966,61.127,111.68,7.94,0,False,,763.0
354,12,0.003978010732680559,182.565,62.561,112.27,7.91,0,False,,763.0
355,12,0.004025811329483986,182.066,60.301,111.77,7.99,0,False,,763.0
356,12,0.0038117696531116962,190.168,65.616,119.86,7.79,0,False,,763.0
357,12,0.004014548845589161,181.541,61.412,111.25,8.0,0,False,,763.0
358,12,0.003986499272286892,182.569,62.071,112.27,7.95,0,False,,763.0
359,12,0.0041505759581923485,177.657,57.522,107.38,8.06,0,False,,763.0
360,12,0.003930629231035709,184.613,63.453,114.32,7.86,0,False,,763.0
361,12,0.004043849650770426,180.502,60.716,110.23,8.01,0,False,,763.0
362,12,0.004073191434144974,179.632,59.887,109.36,8.06,0,False,,763.0
363,12,0.004029483534395695,180.898,61.157,110.58,8.03,0,False,,763.0
364,12,0.003987151198089123,181.855,62.683,111.58,7.99,0,False,,763.0
365,12,0.0039649647660553455,183.52,62.444,113.24,7.89,0,False,,763.0
366,12,0.003992862068116665,181.91,62.307,111.61,7.92,0,False,,763.0
367,12,0.0040931981056928635,179.219,59.172,108.93,8.1,0,False,,763.0
368,12,0.004016364458948374,182.206,60.705,111.87,8.01,0,False,,763.0
369,12,0.004115852527320385,178.422,58.674,108.08,8.09,0,False,,763.0
370,12,0.002534695900976658,255.37,126.505,185.1,7.04,0,False,,763.0
371,12,0.0042282454669475555,175.261,55.676,104.94,8.21,0,False,,763.0
372,12,0.003910345956683159,185.949,63.439,115.61,7.88,0,False,,763.0
373,12,0.00416543846949935,177.228,57.13,106.93,8.13,0,False,,763.0
374,12,0.004026196431368589,181.726,60.588,111.41,8.0,0,False,,763.0
375,12,0.004154927097260952,176.878,58.0,106.58,8.16,0,False,,763.0
376,12,0.0039163450710475445,185.008,63.938,114.74,7.84,0,False,,763.0
377,12,0.00410750787705183,178.647,58.917,108.31,8.11,0,False,,763.0
378,13,0.004079308360815048,179.723,59.469,109.41,8.06,0,False,,763.0
379,13,0.004147672094404697,177.354,57.95,107.05,8.1,0,False,,763.0
380,13,0.004109448287636042,178.413,59.026,108.13,8.1,0,False,,763.0
381,13,0.004015542566776276,181.581,61.32,111.27,7.97,0,False,,763.0
382,13,0.0037752301432192326,191.173,67.01,120.88,7.73,0,False,,763.0
383,13,0.004097004886716604,179.355,58.841,109.05,8.09,0,False,,763.0
384,13,0.003978434484452009,182.544,62.556,112.28,7.99,0,False,,763.0
385,13,0.0040768105536699295,179.634,59.687,109.32,8.07,0,False,,763.0
386,13,0.00406373105943203,180.0,60.072,109.71,8.12,0,False,,763.0
387,13,0.004144680220633745,178.021,57.502,107.73,8.15,0,False,,763.0
388,13,0.004260196816176176,174.545,54.714,104.26,8.22,0,False,,763.0
389,13,0.003994613885879517,183.094,61.13,112.82,7.91,0,False,,763.0
390,13,0.004160178359597921,177.191,57.439,106.93,8.13,0,False,,763.0
391,13,0.003858281997963786,187.353,65.3,117.06,7.78,0,False,,763.0
392,13,0.0041191475465893745,178.419,58.499,108.14,8.09,0,False,,763.0
393,13,0.004060971084982157,180.533,59.739,110.24,7.99,0,False,,763.0
394,13,0.0040834322571754456,179.575,59.379,109.3,8.11,0,False,,763.0
395,13,0.004111872985959053,178.262,59.033,107.97,8.12,0,False,,763.0
396,13,0.004071824252605438,179.456,60.122,109.17,8.09,0,False,,763.0
397,13,0.003952253609895706,183.453,63.242,113.19,7.93,0,False,,763.0
398,13,0.0041508967988193035,177.742,57.427,107.46,8.12,0,False,,763.0
399,13,0.0036838920786976814,194.425,70.025,124.14,7.69,0,False,,763.0
400,13,0.00413679052144289,178.278,57.687,107.98,8.08,0,False,,763.0
401,13,0.0040432363748550415,180.444,60.802,110.16,8.03,0,False,,763.0
402,13,0.004003473557531834,182.478,61.186,112.17,7.93,0,False,,763.0
403,13,0.003940344322472811,183.966,63.472,113.66,7.93,0,False,,763.0
404,13,0.003641514340415597,194.523,72.807,124.23,7.74,0,False,,763.0
405,13,0.0039838142693042755,182.81,62.005,112.51,7.96,0,False,,763.0
406,13,0.004157773219048977,177.531,57.257,107.26,8.12,0,False,,763.0
407,14,0.004090496804565191,179.941,58.662,109.63,8.06,0,False,,763.0
408,14,0.003974040970206261,183.571,61.874,113.29,7.91,0,False,,763.0
409,14,0.0039067077450454235,185.672,63.907,115.39,7.9,0,False,,763.0
410,14,0.003861377015709877,187.339,65.123,117.04,7.91,0,False,,763.0
411,14,0.003984030336141586,183.177,61.659,112.87,7.95,0,False,,763.0
412,14,0.004112502560019493,178.605,58.687,108.31,8.08,0,False,,763.0
413,14,0.004189492203295231,176.552,56.491,106.25,8.18,0,False,,763.0
414,14,0.003927167970687151,184.605,63.664,114.3,7.92,0,False,,763.0
415,14,0.004044783767312765,180.684,60.498,110.39,8.05,0,False,,763.0
416,14,0.003684036433696747,193.608,70.758,123.31,7.61,0,False,,763.0
417,14,0.004000033251941204,182.003,61.814,111.74,7.99,0,False,,763.0
418,14,0.004044498782604933,181.029,60.201,110.72,7.99,0,False,,763.0
419,14,0.004031753167510033,181.545,60.442,111.23,7.95,0,False,,763.0
420,14,0.003914207685738802,184.723,64.324,114.46,7.9,0,False,,763.0
421,14,0.004115632735192776,178.826,58.318,108.5,8.08,0,False,,763.0
422,14,0.003884046571329236,185.832,65.119,115.56,7.99,0,False,,763.0
423,14,0.003958400804549456,184.125,62.275,113.82,7.89,0,False,,763.0
424,14,0.003973366692662239,182.784,62.629,112.52,7.98,0,False,,763.0
425,14,0.0041247946210205555,177.663,58.885,107.36,8.12,0,False,,763.0
426,14,0.00396451773121953,183.207,62.755,112.91,7.96,0,False,,763.0
427,14,0.003997022286057472,182.714,61.338,112.4,7.95,0,False,,763.0
428,14,0.003847105661407113,187.248,66.08,116.97,7.81,0,False,,763.0
429,14,0.00407790020108223,179.771,59.503,109.48,8.05,0,False,,763.0
430,14,0.004015058279037476,181.972,60.991,111.68,7.98,0,False,,763.0
431,14,0.0040365844033658504,180.722,60.92,110.43,7.99,0,False,,763.0
432,14,0.004092981107532978,179.839,58.62,109.56,8.03,0,False,,763.0
433,14,0.003823762061074376,188.073,66.772,117.76,7.88,0,False,,763.0
434,14,0.0037861850578337908,189.625,67.721,119.32,7.84,0,False,,763.0
435,14,0.0038273585960268974,189.536,65.219,119.25,7.72,0,False,,763.0
436,15,0.0039829532615840435,182.786,62.076,112.47,7.95,0,False,,763.0
437,15,0.004073197953402996,180.356,59.228,110.06,8.03,0,False,,763.0
438,15,0.004036833997815847,181.294,60.387,111.0,7.97,0,False,,763.0
439,15,0.004029836505651474,181.317,60.756,111.03,8.04,0,False,,763.0
440,15,0.0040297918021678925,181.203,60.862,110.9,7.97,0,False,,763.0
441,15,0.004050940740853548,181.27,59.624,110.94,7.96,0,False,,763.0
442,15,0.004199090879410505,176.111,56.396,105.83,8.16,0,False,,763.0
443,15,0.0041347104124724865,178.921,57.212,108.63,8.07,0,False,,763.0
444,15,0.0039412034675478935,183.755,63.613,113.46,7.93,0,False,,763.0
445,15,0.004024108871817589,182.11,60.356,111.81,7.95,0,False,,763.0
446,15,0.0038081451784819365,189.603,66.356,119.31,7.76,0,False,,763.0
447,15,0.0039355093613266945,184.452,63.313,114.18,7.86,0,False,,763.0
448,15,0.004019854124635458,181.714,60.955,111.43,7.94,0,False,,763.0
449,15,0.00404506316408515,181.547,59.699,111.25,7.96,0,False,,763.0
450,15,0.003953337203711271,184.132,62.562,113.88,7.92,0,False,,763.0
451,15,0.004051328171044588,180.756,60.069,110.47,7.98,0,False,,763.0
452,15,0.004140523727983236,178.05,57.696,107.75,8.11,0,False,,763.0
453,15,0.004131873603910208,177.938,58.257,107.69,8.14,0,False,,763.0
454,15,0.003968138247728348,183.375,62.393,113.09,7.91,0,False,,763.0
455,15,0.004155936185270548,177.737,57.166,107.46,8.09,0,False,,763.0
456,15,0.004003994632512331,182.27,61.346,111.97,7.94,0,False,,763.0
457,15,0.003949884790927172,184.387,62.532,114.1,7.88,0,False,,763.0
458,15,0.004143998492509127,178.157,57.414,107.86,8.11,0,False,,763.0
459,15,0.00415922561660409,177.491,57.216,107.23,8.13,0,False,,763.0
460,15,0.004043849650770426,180.877,60.375,110.58,8.06,0,False,,763.0
461,15,0.004028894007205963,181.717,60.446,111.39,7.97,0,False,,763.0
462,15,0.003591434797272086,197.535,73.55,127.23,7.53,0,False,,763.0
463,15,0.0038443822413682938,187.785,65.759,117.46,7.7,0,False,,763.0
464,15,0.00408208929002285,180.24,58.848,109.94,8.01,0,False,,763.0
465,16,0.004043643828481436,181.645,59.688,111.35,7.95,0,False,,763.0
466,16,0.0040458994917571545,181.366,59.817,111.09,8.01,0,False,,763.0
467,16,0.004047996364533901,181.017,60.017,110.71,7.98,0,False,,763.0
468,16,0.004194605629891157,176.218,56.531,105.95,8.18,0,False,,763.0
469,16,0.004164103884249926,177.309,57.126,107.02,8.12,0,False,,763.0
470,16,0.00417020358145237,177.765,56.392,107.45,8.12,0,False,,763.0
471,16,0.004209884908050299,176.249,55.716,105.96,8.18,0,False,,763.0
472,16,0.004162813536822796,177.718,56.822,107.42,8.14,0,False,,763.0
473,16,0.004075828939676285,180.24,59.19,109.96,8.1,0,False,,763.0
474,16,0.004176300019025803,176.768,56.98,106.5,8.17,0,False,,763.0
475,16,0.004027658142149448,181.907,60.342,111.63,7.98,0,False,,763.0
476,16,0.003959465306252241,184.155,62.186,113.88,7.9,0,False,,763.0
477,16,0.004067903384566307,180.737,59.173,110.44,7.98,0,False,,763.0
478,16,0.003867595223709941,186.414,65.586,116.14,7.86,0,False,,763.0
479,16,0.0038843946531414986,187.274,63.788,116.94,7.77,0,False,,763.0
480,16,0.004072654526680708,180.36,59.254,110.04,8.02,0,False,,763.0
481,16,0.004024179186671972,182.326,60.156,112.07,7.93,0,False,,763.0
482,16,0.004142124205827713,177.931,57.72,107.63,8.13,0,False,,763.0
483,16,0.004077168181538582,180.671,58.725,110.39,8.02,0,False,,763.0
484,16,0.004068599548190832,180.307,59.526,110.03,8.06,0,False,,763.0
485,16,0.00402515335008502,181.602,60.76,111.29,7.95,0,False,,763.0
486,16,0.004128801170736551,178.242,58.144,107.95,8.1,0,False,,763.0
487,16,0.004043258260935545,180.875,60.409,110.62,7.97,0,False,,763.0
488,16,0.0041169673204422,178.359,58.671,108.06,8.14,0,False,,763.0
489,16,0.003984942100942135,183.203,61.583,112.92,7.91,0,False,,763.0
490,16,0.004001288209110498,182.758,61.056,112.45,7.94,0,False,,763.0
491,16,0.004233221057802439,174.984,55.675,104.7,8.24,0,False,,763.0
492,16,0.004153750836849213,177.552,57.45,107.25,8.12,0,False,,763.0
493,16,0.0040236059576272964,181.699,60.759,111.41,7.94,0,False,,763.0
494,17,0.003964810166507959,183.047,62.883,112.77,7.88,0,False,,763.0
495,17,0.004120856057852507,177.912,58.869,107.62,8.12,0,False,,763.0
496,17,0.004195581190288067,176.094,56.592,105.78,8.21,0,False,,763.0
497,17,0.003928977530449629,185.0,63.199,114.71,7.86,0,False,,763.0
498,17,0.004053689539432526,180.896,59.811,110.61,7.95,0,False,,763.0
499,17,0.004154164344072342,177.676,57.315,107.39,8.12,0,False,,763.0
500,17,0.004129000008106232,178.82,57.608,108.51,8.06,0,False,,763.0
501,17,0.004099084995687008,179.412,58.678,109.12,8.04,0,False,,763.0
502,17,0.003955170977860689,184.224,62.372,113.91,7.84,0,False,,763.0
503,17,0.004156035836786032,177.65,57.24,107.35,8.1,0,False,,763.0
504,17,0.0040152654983103275,181.841,61.098,111.54,7.98,0,False,,763.0
505,17,0.004065155517309904,180.718,59.341,110.41,7.98,0,False,,763.0
506,17,0.003759313141927123,192.039,67.242,121.71,7.68,0,False,,763.0
507,17,0.004086529370397329,179.773,59.03,109.45,8.05,0,False,,763.0
508,17,0.004009993746876717,181.927,61.318,111.6,8.02,0,False,,763.0
509,17,0.0039600590243935585,184.0,62.292,113.72,7.89,0,False,,763.0
510,17,0.004167124163359404,177.666,56.644,107.35,8.09,0,False,,763.0
511,17,0.004076631739735603,180.075,59.296,109.78,8.03,0,False,,763.0
512,17,0.004166602622717619,178.101,56.275,107.79,8.09,0,False,,763.0
513,17,0.004082047380506992,179.566,59.463,109.27,8.06,0,False,,763.0
514,17,0.004191169980913401,176.311,56.624,106.02,8.2,0,False,,763.0
515,17,0.0041868300177156925,176.577,56.607,106.29,8.19,0,False,,763.0
516,17,0.004171402659267187,176.826,57.183,106.56,8.13,0,False,,763.0
517,17,0.004082632716745138,180.163,58.889,109.83,8.0,0,False,,763.0
518,17,0.003932304680347443,184.875,63.117,114.57,7.79,0,False,,763.0
519,17,0.004121343605220318,178.084,58.687,107.81,8.13,0,False,,763.0
520,17,0.004181704018265009,176.503,56.94,106.21,8.18,0,False,,763.0
521,17,0.004063601139932871,180.426,59.692,110.12,8.02,0,False,,763.0
522,17,0.004211293533444405,176.092,55.786,105.81,8.15,0,False,,763.0
523,18,0.00425315834581852,174.409,55.191,104.09,8.26,0,False,,763.0
524,18,0.004070635885000229,179.647,60.013,109.37,8.1,0,False,,763.0
525,18,0.004204310476779938,176.012,56.218,105.7,8.2,0,False,,763.0
526,18,0.004006946925073862,182.265,61.183,112.0,7.97,0,False,,763.0
527,18,0.004235164262354374,175.65,54.971,105.35,8.15,0,False,,763.0
528,18,0.003873057197779417,186.889,64.823,116.59,7.9,0,False,,763.0
529,18,0.004301793407648802,173.008,54.048,102.69,8.32,0,False,,763.0
530,18,0.004211644176393747,175.872,55.969,105.56,8.19,0,False,,763.0
531,18,0.00422425614669919,175.248,55.891,104.95,8.19,0,False,,763.0
532,18,0.004104268737137318,178.932,58.834,108.63,8.05,0,False,,763.0
533,18,0.004026907961815596,181.92,60.372,111.59,7.95,0,False,,763.0
534,18,0.004142427816987038,178.41,57.267,108.12,8.1,0,False,,763.0
535,18,0.004111467394977808,178.685,58.67,108.4,8.08,0,False,,763.0
536,18,0.004206299316138029,176.084,56.05,105.79,8.2,0,False,,763.0
537,18,0.00412218552082777,178.666,58.113,108.35,8.09,0,False,,763.0
538,18,0.004170021042227745,177.214,56.903,106.9,8.13,0,False,,763.0
539,18,0.0041407328099012375,178.244,57.509,108.0,8.09,0,False,,763.0
540,18,0.004060832783579826,180.305,59.954,110.02,8.01,0,False,,763.0
541,18,0.0042347670532763,174.996,55.586,104.69,8.26,0,False,,763.0
542,18,0.004160974640399218,177.349,57.254,107.08,8.1,0,False,,763.0
543,18,0.004235303029417992,174.862,55.68,104.56,8.25,0,False,,763.0
544,18,0.004054120276123285,179.962,60.637,109.66,8.01,0,False,,763.0
545,18,0.00405820831656456,181.193,59.292,110.89,7.95,0,False,,763.0
546,18,0.003903753822669387,186.114,63.682,115.82,7.77,0,False,,763.0
547,18,0.0040441411547362804,180.291,60.891,110.01,8.06,0,False,,763.0
548,18,0.0041102138347923756,178.982,58.468,108.7,8.06,0,False,,763.0
549,18,0.004196035675704479,175.978,56.675,105.68,8.15,0,False,,763.0
550,18,0.004147406201809645,177.776,57.581,107.5,8.07,0,False,,763.0
551,18,0.004083255771547556,179.599,59.367,109.33,8.03,0,False,,763.0
552,19,0.004063191823661327,180.481,59.664,110.19,8.02,0,False,,763.0
553,19,0.004096212796866894,178.797,59.392,108.53,8.06,0,False,,763.0
554,19,0.004180187359452248,176.659,56.877,106.37,8.14,0,False,,763.0
555,19,0.004106840118765831,178.944,58.684,108.65,8.09,0,False,,763.0
556,19,0.004275942221283913,173.818,54.59,103.56,8.33,0,False,,763.0
557,19,0.0038350012619048357,189.38,64.887,119.11,7.75,0,False,,763.0
558,19,0.00413389690220356,177.595,58.461,107.33,8.14,0,False,,763.0
559,19,0.004084206186234951,180.717,58.299,110.45,8.03,0,False,,763.0
560,19,0.004017770756036043,182.587,60.279,112.31,8.04,0,False,,763.0
561,19,0.004294831305742264,173.075,54.33,102.77,8.28,0,False,,763.0
562,19,0.004198139067739248,175.658,56.857,105.35,8.17,0,False,,763.0
563,19,0.0040266974829137325,181.156,61.079,110.89,8.01,0,False,,763.0
564,19,0.0040882243774831295,179.807,58.907,109.49,8.01,0,False,,763.0
565,19,0.004142013844102621,177.967,57.692,107.65,8.08,0,False,,763.0
566,19,0.0041172136552631855,177.957,59.024,107.68,8.15,0,False,,763.0
567,19,0.004143941681832075,177.966,57.591,107.67,8.11,0,False,,763.0
568,19,0.004278714302927256,173.877,54.398,103.56,8.3,0,False,,763.0
569,19,0.004026941955089569,181.725,60.548,111.45,7.98,0,False,,763.0
570,19,0.004092667251825333,178.931,59.463,108.65,8.04,0,False,,763.0
571,19,0.004216876812279224,175.761,55.801,105.51,8.16,0,False,,763.0
572,19,0.004143845289945602,178.126,57.451,107.83,8.11,0,False,,763.0
573,19,0.004317132290452719,172.949,53.351,102.64,8.33,0,False,,763.0
574,19,0.004050764720886946,180.932,59.941,110.65,7.97,0,False,,763.0
575,19,0.0038771999534219503,186.62,64.817,116.3,7.83,0,False,,763.0
576,19,0.004118398297578096,178.771,58.22,108.48,8.08,0,False,,763.0
577,19,0.004219162277877331,175.849,55.604,105.55,8.18,0,False,,763.0
578,19,0.004151404835283756,178.123,57.054,107.87,8.1,0,False,,763.0
579,19,0.004262253176420927,174.654,54.512,104.37,8.22,0,False,,763.0
580,19,0.004228892270475626,175.118,55.773,104.82,8.26,0,False,,763.0
581,20,0.004211239982396364,175.86,56.0,105.57,8.13,0,False,,763.0
582,20,0.004178713075816631,177.026,56.62,106.76,8.17,0,False,,763.0
583,20,0.004040352534502745,181.245,60.235,110.96,7.97,0,False,,763.0
584,20,0.00433700904250145,172.147,53.115,101.86,8.35,0,False,,763.0
585,20,0.004389818292111158,170.878,51.747,100.58,8.41,0,False,,763.0
586,20,0.004259840585291386,173.585,55.606,103.29,8.37,0,False,,763.0
587,20,0.004203145857900381,176.246,56.064,105.95,8.14,0,False,,763.0
588,20,0.004250575788319111,174.682,55.073,104.4,8.2,0,False,,763.0
589,20,0.004074416123330593,181.148,58.442,110.85,8.01,0,False,,763.0
590,20,0.0042852601036429405,173.929,54.026,103.67,8.29,0,False,,763.0
591,20,0.00426801573485136,174.232,54.608,103.95,8.25,0,False,,763.0
592,20,0.004189823754131794,176.697,56.342,106.39,8.15,0,False,,763.0
593,20,0.004182834178209305,177.135,56.307,106.81,8.15,0,False,,763.0
594,20,0.004160062409937382,177.759,56.929,107.45,8.13,0,False,,763.0
595,20,0.0036764813121408224,194.633,70.333,124.32,7.63,0,False,,763.0
596,20,0.0041138771921396255,178.913,58.333,108.64,8.08,0,False,,763.0
597,20,0.0041850414127111435,176.478,56.789,106.2,8.19,0,False,,763.0
598,20,0.004260287154465914,174.364,54.874,104.06,8.26,0,False,,763.0
599,20,0.004214112181216478,175.734,55.967,105.45,8.18,0,False,,763.0
600,20,0.004266378469765186,174.328,54.603,104.05,8.25,0,False,,763.0
601,20,0.0040965937077999115,179.398,58.824,109.12,8.07,0,False,,763.0
602,20,0.004121112171560526,178.452,58.364,108.15,8.05,0,False,,763.0
603,20,0.004338057246059179,171.839,53.345,101.56,8.37,0,False,,763.0
604,20,0.004101381171494722,179.552,58.426,109.28,8.12,0,False,,763.0
605,20,0.003965451382100582,184.781,61.27,114.49,7.86,0,False,,763.0
606,20,0.004112526774406433,178.851,58.463,108.56,8.1,0,False,,763.0
607,20,0.0041938102804124355,176.616,56.21,106.31,8.15,0,False,,763.0
608,20,0.004247969947755337,174.435,55.429,104.13,8.24,0,False,,763.0
609,20,0.004260101821273565,173.974,55.239,103.69,8.29,0,False,,763.0
610,21,0.004183829762041569,176.608,56.734,106.3,8.21,0,False,,763.0
611,21,0.00419207289814949,176.45,56.451,106.17,8.19,0,False,,763.0
612,21,0.004268347751349211,174.227,54.596,103.93,8.3,0,False,,763.0
613,21,0.004308714065700769,172.763,53.932,102.48,8.35,0,False,,763.0
614,21,0.004160847514867783,177.145,57.446,106.84,8.14,0,False,,763.0
615,21,0.004191022366285324,176.919,56.079,106.64,8.2,0,False,,763.0
616,21,0.00413691159337759,178.723,57.275,108.43,8.09,0,False,,763.0
617,21,0.0042673759162425995,174.414,54.474,104.12,8.31,0,False,,763.0
618,21,0.004159259609878063,177.396,57.301,107.1,8.18,0,False,,763.0
619,21,0.004207679536193609,176.359,55.729,106.07,8.21,0,False,,763.0
620,21,0.003933687228709459,184.948,62.97,114.66,7.94,0,False,,763.0
621,21,0.0042519900016486645,174.729,54.959,104.43,8.29,0,False,,763.0
622,21,0.004232737235724926,175.277,55.434,104.99,8.22,0,False,,763.0
623,21,0.004122042562812567,178.452,58.315,108.17,8.09,0,False,,763.0
624,21,0.004254835192114115,174.485,55.038,104.2,8.26,0,False,,763.0
625,21,0.004273621365427971,173.889,54.641,103.59,8.24,0,False,,763.0
626,21,0.0039390199817717075,183.776,63.722,113.54,8.11,0,False,,763.0
627,21,0.003965313080698252,183.699,62.262,113.41,7.99,0,False,,763.0
628,21,0.004405072424560785,170.073,51.761,99.83,8.44,0,False,,763.0
629,21,0.004425923340022564,169.638,51.185,99.36,8.49,0,False,,763.0
630,21,0.004273442085832357,173.718,54.805,103.44,8.34,0,False,,763.0
631,21,0.004281139001250267,173.312,54.792,103.04,8.32,0,False,,763.0
632,21,0.004205988720059395,175.865,56.265,105.58,8.23,0,False,,763.0
633,21,0.004297066014260054,173.464,53.866,103.15,8.32,0,False,,763.0
634,21,0.0040163579396903515,181.596,61.26,111.33,7.94,0,False,,763.0
635,21,0.0041158501990139484,179.906,57.325,109.63,8.05,0,False,,763.0
636,21,0.004348267335444689,172.22,52.506,101.93,8.38,0,False,,763.0
637,21,0.00427309749647975,173.991,54.574,103.7,8.29,0,False,,763.0
638,21,0.0042603206820786,174.253,54.974,103.94,8.28,0,False,,763.0
639,22,0.0043389745987951756,172.326,52.857,102.04,8.39,0,False,,763.0
640,22,0.004279192071408033,174.239,54.046,103.95,8.28,0,False,,763.0
641,22,0.004341572057455778,172.033,52.999,101.75,8.33,0,False,,763.0
642,22,0.004324972629547119,172.765,53.136,102.45,8.35,0,False,,763.0
643,22,0.004461150616407394,168.493,50.604,98.22,8.51,0,False,,763.0
644,22,0.00430275360122323,173.57,53.49,103.29,8.33,0,False,,763.0
645,22,0.004478672053664923,168.425,49.869,98.12,8.53,0,False,,763.0
646,22,0.004232023376971483,175.051,55.675,104.79,8.23,0,False,,763.0
647,22,0.004309483338147402,173.119,53.57,102.83,8.32,0,False,,763.0
648,22,0.004233833868056536,175.355,55.307,105.06,8.27,0,False,,763.0
649,22,0.004098532255738974,179.674,58.469,109.42,8.14,0,False,,763.0
650,22,0.004298373591154814,173.292,53.958,103.01,8.29,0,False,,763.0
651,22,0.004250303376466036,175.18,54.634,104.87,8.26,0,False,,763.0
652,22,0.004311779979616404,173.923,52.727,103.65,8.3,0,False,,763.0
653,22,0.00403928104788065,181.021,60.498,110.72,8.04,0,False,,763.0
654,22,0.0043126055970788,172.896,53.62,102.61,8.33,0,False,,763.0
655,22,0.004261498339474201,175.147,54.102,104.89,8.27,0,False,,763.0
656,22,0.004329942632466555,172.363,53.261,102.06,8.37,0,False,,763.0
657,22,0.004296514671295881,173.237,54.1,102.96,8.36,0,False,,763.0
658,22,0.004192086402326822,176.443,56.456,106.18,8.19,0,False,,763.0
659,22,0.004246239550411701,174.961,55.038,104.65,8.26,0,False,,763.0
660,22,0.0043437667191028595,172.187,52.752,101.9,8.38,0,False,,763.0
661,22,0.004220092669129372,176.502,54.963,106.19,8.26,0,False,,763.0
662,22,0.004309132695198059,173.507,53.235,103.23,8.36,0,False,,763.0
663,22,0.004153619520366192,178.543,56.556,108.24,8.17,0,False,,763.0
664,22,0.004266874864697456,174.081,54.802,103.78,8.32,0,False,,763.0
665,22,0.004337117075920105,172.176,53.084,101.9,8.37,0,False,,763.0
666,22,0.00441161822527647,170.054,51.473,99.77,8.44,0,False,,763.0
667,22,0.0043678972870111465,171.397,52.315,101.14,8.43,0,False,,763.0
668,23,0.004169316962361336,177.803,56.404,107.53,8.2,0,False,,763.0
669,23,0.0043610939756035805,171.401,52.636,101.12,8.43,0,False,,763.0
670,23,0.004517835099250078,167.524,48.928,97.23,8.55,0,False,,763.0
671,23,0.004312269389629364,172.917,53.617,102.61,8.36,0,False,,763.0
672,23,0.004278318490833044,174.295,54.038,104.0,8.3,0,False,,763.0
673,23,0.0041707707569003105,176.823,57.219,106.55,8.2,0,False,,763.0
674,23,0.004363745450973511,171.828,52.121,101.53,8.37,0,False,,763.0
675,23,0.004308504518121481,172.823,53.887,102.55,8.35,0,False,,763.0
676,23,0.004429865162819624,169.371,51.245,99.03,8.5,0,False,,763.0
677,23,0.004362158942967653,171.571,52.43,101.28,8.42,0,False,,763.0
678,23,0.004276781342923641,174.06,54.328,103.81,8.31,0,False,,763.0
679,23,0.004294118378311396,173.913,53.603,103.64,8.3,0,False,,763.0
680,23,0.00428760563954711,173.519,54.283,103.25,8.3,0,False,,763.0
681,23,0.004330144263803959,172.283,53.324,102.0,8.39,0,False,,763.0
682,23,0.004046096932142973,181.904,59.316,111.61,8.04,0,False,,763.0
683,23,0.004106462467461824,179.152,58.515,108.89,8.07,0,False,,763.0
684,23,0.004335097037255764,172.413,52.966,102.12,8.33,0,False,,763.0
685,23,0.004301832057535648,173.433,53.661,103.14,8.31,0,False,,763.0
686,23,0.004104734398424625,180.03,57.81,109.72,8.03,0,False,,763.0
687,23,0.004316074773669243,172.641,53.683,102.37,8.36,0,False,,763.0
688,23,0.004224871750921011,175.362,55.756,105.04,8.31,0,False,,763.0
689,23,0.004385342355817556,170.701,52.119,100.39,8.45,0,False,,763.0
690,23,0.004467992577701807,168.84,49.976,98.57,8.52,0,False,,763.0
691,23,0.0042654224671423435,174.595,54.408,104.28,8.32,0,False,,763.0
692,23,0.004365852568298578,171.334,52.469,101.06,8.39,0,False,,763.0
693,23,0.004467155784368515,168.377,50.435,98.08,8.54,0,False,,763.0
694,23,0.004282765556126833,173.017,54.979,102.73,8.35,0,False,,763.0
695,23,0.0043801008723676205,171.0,52.096,100.71,8.41,0,False,,763.0
696,23,0.004172805231064558,176.781,57.151,106.52,8.25,0,False,,763.0
697,24,0.0040581198409199715,180.231,60.172,109.93,8.14,0,False,,763.0
698,24,0.0041441465727984905,178.647,56.961,108.34,8.16,0,False,,763.0
699,24,0.0044071003794670105,170.339,51.425,100.07,8.45,0,False,,763.0
700,24,0.004413210786879063,170.021,51.429,99.73,8.45,0,False,,763.0
701,24,0.00423526531085372,174.827,55.714,104.52,8.24,0,False,,763.0
702,24,0.004370278678834438,171.664,51.958,101.38,8.4,0,False,,763.0
703,24,0.004338303580880165,172.085,53.109,101.8,8.33,0,False,,763.0
704,24,0.004484839737415314,168.468,49.55,98.15,8.55,0,False,,763.0
705,24,0.004394773859530687,170.708,51.668,100.41,8.44,0,False,,763.0
706,24,0.004172383341938257,177.159,56.83,106.86,8.19,0,False,,763.0
707,24,0.004161803051829338,178.404,56.252,108.12,8.14,0,False,,763.0
708,24,0.003529890673235059,198.38,77.195,128.11,7.99,0,False,,763.0
709,24,0.004410213325172663,170.11,51.488,99.84,8.51,0,False,,763.0
710,24,0.004309412557631731,172.995,53.687,102.74,8.37,0,False,,763.0
711,24,0.0041593099012970924,178.131,56.63,107.85,8.1,0,False,,763.0
712,24,0.0042606438510119915,174.402,54.822,104.11,8.31,0,False,,763.0
713,24,0.004426159895956516,169.528,51.274,99.2,8.48,0,False,,763.0
714,24,0.004301208537071943,173.975,53.198,103.66,8.28,0,False,,763.0
715,24,0.004455661866813898,168.658,50.705,98.37,8.59,0,False,,763.0
716,24,0.004284966271370649,174.072,53.911,103.78,8.31,0,False,,763.0
717,24,0.004413611255586147,170.313,51.144,100.03,8.47,0,False,,763.0
718,24,0.004385203588753939,170.672,52.152,100.36,8.42,0,False,,763.0
719,24,0.0045109037309885025,167.526,49.236,97.25,8.54,0,False,,763.0
720,24,0.004317300394177437,172.621,53.641,102.34,8.35,0,False,,763.0
721,24,0.004335229750722647,172.325,53.039,102.07,8.35,0,False,,763.0
722,24,0.0043908460065722466,170.59,51.961,100.31,8.48,0,False,,763.0
723,24,0.004299330525100231,173.377,53.834,103.06,8.33,0,False,,763.0
724,24,0.004278075881302357,173.716,54.577,103.44,8.3,0,False,,763.0
725,24,0.004259702283889055,174.374,54.895,104.09,8.26,0,False,,763.0
726,25,0.004344590473920107,172.653,52.29,102.35,8.36,0,False,,763.0
727,25,0.004384956788271666,171.279,51.612,100.99,8.42,0,False,,763.0
728,25,0.004476604051887989,168.561,49.839,98.23,8.52,0,False,,763.0
729,25,0.004362123552709818,171.87,52.16,101.54,8.4,0,False,,763.0
730,25,0.004377999342978001,171.187,52.025,100.94,8.42,0,False,,763.0
731,25,0.004383041989058256,171.076,51.887,100.82,8.45,0,False,,763.0
732,25,0.004161771386861801,177.145,57.397,106.87,8.24,0,False,,763.0
733,25,0.004307896364480257,173.144,53.625,102.84,8.38,0,False,,763.0
734,25,0.004165970720350742,178.083,56.325,107.75,8.19,0,False,,763.0
735,25,0.004425933584570885,169.744,51.088,99.46,8.43,0,False,,763.0
736,25,0.00435286620631814,171.94,52.54,101.65,8.36,0,False,,763.0
737,25,0.004307641182094812,173.353,53.448,103.04,8.35,0,False,,763.0
738,25,0.004382335115224123,171.01,51.98,100.72,8.38,0,False,,763.0
739,25,0.004378765821456909,171.126,52.045,100.86,8.39,0,False,,763.0
740,25,0.0044248891063034534,169.975,50.927,99.65,8.47,0,False,,763.0
741,25,0.00436141062527895,171.769,52.286,101.47,8.36,0,False,,763.0
742,25,0.004129891749471426,179.502,56.941,109.22,8.12,0,False,,763.0
743,25,0.00444457121193409,169.387,50.552,99.1,8.5,0,False,,763.0
744,25,0.004041795153170824,181.249,60.151,110.95,8.06,0,False,,763.0
745,25,0.004292130470275879,173.887,53.725,103.59,8.34,0,False,,763.0
746,25,0.004192275460809469,176.565,56.336,106.3,8.19,0,False,,763.0
747,25,0.00435247365385294,171.588,52.878,101.3,8.42,0,False,,763.0
748,25,0.004282304551452398,173.933,54.169,103.67,8.25,0,False,,763.0
749,25,0.004193526692688465,176.714,56.135,106.42,8.22,0,False,,763.0
750,25,0.0044180965051054955,170.523,50.744,100.23,8.46,0,False,,763.0
751,25,0.0043534948490560055,171.911,52.536,101.64,8.36,0,False,,763.0
752,25,0.00441364711150527,170.721,50.772,100.48,8.44,0,False,,763.0
753,25,0.00433287862688303,172.342,53.138,102.06,8.36,0,False,,763.0
754,25,0.004284083377569914,173.764,54.235,103.47,8.32,0,False,,763.0
755,26,0.004358801990747452,171.911,52.282,101.61,8.35,0,False,,763.0
756,26,0.00422251271083951,176.014,55.283,105.75,8.25,0,False,,763.0
757,26,0.004450331442058086,169.17,50.484,98.92,8.51,0,False,,763.0
758,26,0.004301754757761955,173.275,53.807,103.03,8.32,0,False,,763.0
759,26,0.004329087678343058,172.685,53.009,102.4,8.33,0,False,,763.0
760,26,0.0044067976996302605,170.183,51.581,99.9,8.42,0,False,,763.0
761,26,0.0042419712990522385,175.172,55.062,104.88,8.3,0,False,,763.0
762,26,0.0043533602729439735,171.782,52.659,101.49,8.35,0,False,,763.0
763,26,0.004339872859418392,172.183,52.944,101.89,8.39,0,False,,763.0
764,26,0.004443916492164135,169.502,50.477,99.19,8.46,0,False,,763.0
765,26,0.004393847193568945,170.834,51.598,100.52,8.4,0,False,,763.0
766,26,0.004422721453011036,169.747,51.235,99.44,8.44,0,False,,763.0
767,26,0.004376053810119629,171.383,51.94,101.08,8.38,0,False,,763.0
768,26,0.004447283688932657,169.375,50.438,99.1,8.5,0,False,,763.0
769,26,0.004333756864070892,172.81,52.67,102.51,8.35,0,False,,763.0
770,26,0.004398112650960684,170.575,51.632,100.27,8.42,0,False,,763.0
771,26,0.00422483216971159,175.397,55.726,105.1,8.23,0,False,,763.0
772,26,0.0043868981301784515,171.135,51.651,100.82,8.43,0,False,,763.0
773,26,0.004379949998110533,171.556,51.598,101.25,8.42,0,False,,763.0
774,26,0.003919872455298901,186.267,62.585,115.97,7.92,0,False,,763.0
775,26,0.0044425372034311295,169.553,50.494,99.24,8.47,0,False,,763.0
776,26,0.004409805405884981,170.578,51.081,100.28,8.46,0,False,,763.0
777,26,0.004349422175437212,172.182,52.485,101.91,8.37,0,False,,763.0
778,26,0.004165581427514553,177.397,56.969,107.16,8.15,0,False,,763.0
779,26,0.004270136822015047,174.315,54.427,104.03,8.36,0,False,,763.0
780,26,0.004228297155350447,176.068,54.94,105.78,8.26,0,False,,763.0
781,26,0.004438887815922499,169.533,50.68,99.25,8.48,0,False,,763.0
782,26,0.004340963903814554,172.258,52.823,101.98,8.35,0,False,,763.0
783,26,0.004308519419282675,172.817,53.893,102.5,8.33,0,False,,763.0
784,27,0.004426575731486082,170.072,50.76,99.79,8.5,0,False,,763.0
785,27,0.004355763550847769,172.156,52.204,101.88,8.33,0,False,,763.0
786,27,0.004416493233293295,170.263,51.055,99.98,8.43,0,False,,763.0
787,27,0.004350211005657911,172.051,52.566,101.75,8.31,0,False,,763.0
788,27,0.004342308267951012,172.135,52.87,101.84,8.34,0,False,,763.0
789,27,0.004331690724939108,172.502,53.05,102.22,8.33,0,False,,763.0
790,27,0.004358191974461079,171.878,52.341,101.6,8.42,0,False,,763.0
791,27,0.004371936898678541,171.436,52.087,101.15,8.41,0,False,,763.0
792,27,0.004303352907299995,173.0,53.979,102.7,8.31,0,False,,763.0
793,27,0.0044199395924806595,170.313,50.849,100.0,8.44,0,False,,763.0
794,27,0.004297448787838221,173.412,53.895,103.11,8.34,0,False,,763.0
795,27,0.004145290702581406,177.987,57.501,107.7,8.13,0,False,,763.0
796,27,0.0041327886283397675,178.849,57.38,108.55,8.2,0,False,,763.0
797,27,0.004325929097831249,172.873,52.992,102.56,8.35,0,False,,763.0
798,27,0.004360543098300695,171.573,52.506,101.28,8.38,0,False,,763.0
799,27,0.004282826092094183,174.001,54.081,103.73,8.26,0,False,,763.0
800,27,0.004412095528095961,170.241,51.28,99.95,8.41,0,False,,763.0
801,27,0.00318659539334476,215.009,89.823,144.75,7.66,0,False,,763.0
802,27,0.004350702278316021,172.253,52.359,101.97,8.39,0,False,,763.0
803,27,0.00434907479211688,172.359,52.341,102.08,8.39,0,False,,763.0
804,27,0.004353971220552921,171.917,52.507,101.65,8.36,0,False,,763.0
805,27,0.004371435847133398,171.535,52.021,101.27,8.4,0,False,,763.0
806,27,0.004371373448520899,171.459,52.093,101.19,8.37,0,False,,763.0
807,27,0.004350238014012575,172.037,52.578,101.75,8.37,0,False,,763.0
808,27,0.004454059526324272,169.235,50.254,98.96,8.51,0,False,,763.0
809,27,0.004449301399290562,169.515,50.218,99.22,8.47,0,False,,763.0
810,27,0.00444708950817585,169.45,50.379,99.19,8.47,0,False,,763.0
811,27,0.004029376897960901,181.697,60.436,111.41,8.1,0,False,,763.0
812,27,0.004284690134227276,173.705,54.258,103.4,8.25,0,False,,763.0
813,28,0.004300199914723635,173.588,53.599,103.31,8.23,0,False,,763.0
814,28,0.004355664364993572,172.031,52.322,101.75,8.36,0,False,,763.0
815,28,0.004355161916464567,172.444,51.971,102.18,8.37,0,False,,763.0
816,28,0.004334360361099243,172.54,52.886,102.27,8.32,0,False,,763.0
817,28,0.004341591615229845,172.317,52.739,102.02,8.38,0,False,,763.0
818,28,0.0043425774201750755,172.018,52.963,101.75,8.36,0,False,,763.0
819,28,0.004258705768734217,174.646,54.697,104.37,8.29,0,False,,763.0
820,28,0.004316770937293768,173.144,53.191,102.88,8.29,0,False,,763.0
821,28,0.004395442549139261,170.91,51.453,100.59,8.43,0,False,,763.0
822,28,0.0043505155481398106,172.342,52.287,102.06,8.4,0,False,,763.0
823,28,0.004191455896943808,177.021,55.963,106.75,8.2,0,False,,763.0
824,28,0.004312715493142605,173.273,53.273,102.98,8.32,0,False,,763.0
825,28,0.0037429097574204206,190.805,69.425,120.52,8.09,0,False,,763.0
826,28,0.004266352392733097,174.328,54.604,104.06,8.3,0,False,,763.0
827,28,0.0044097802601754665,170.767,50.911,100.47,8.42,0,False,,763.0
828,28,0.004383231047540903,171.145,51.815,100.85,8.37,0,False,,763.0
829,28,0.004341712687164545,172.655,52.426,102.34,8.35,0,False,,763.0
830,28,0.004459656774997711,169.241,49.992,98.94,8.47,0,False,,763.0
831,28,0.004441895522177219,169.502,50.57,99.2,8.53,0,False,,763.0
832,28,0.004407744854688644,170.541,51.211,100.26,8.4,0,False,,763.0
833,28,0.004319446627050638,173.253,52.962,102.98,8.3,0,False,,763.0
834,28,0.004369147587567568,171.505,52.157,101.24,8.39,0,False,,763.0
835,28,0.004072006791830063,180.518,59.147,110.25,8.11,0,False,,763.0
836,28,0.004406176507472992,170.743,51.101,100.46,8.41,0,False,,763.0
837,28,0.004406660329550505,170.661,51.153,100.35,8.45,0,False,,763.0
838,28,0.004433079622685909,169.999,50.526,99.7,8.46,0,False,,763.0
839,28,0.0027056210674345493,244.413,113.807,174.1,7.39,0,False,,763.0
840,28,0.004337489604949951,172.763,52.532,102.45,8.34,0,False,,763.0
841,28,0.004287733230739832,173.516,54.279,103.22,8.32,0,False,,763.0
842,29,0.004211404360830784,176.14,55.737,105.87,8.24,0,False,,763.0
843,29,0.0043207332491874695,172.832,53.282,102.54,8.32,0,False,,763.0
844,29,0.004370704293251038,171.512,52.076,101.21,8.4,0,False,,763.0
845,29,0.004327001515775919,172.667,53.127,102.39,8.35,0,False,,763.0
846,29,0.004310732241719961,173.864,52.832,103.56,8.28,0,False,,763.0
847,29,0.004259083885699511,174.912,54.436,104.6,8.23,0,False,,763.0
848,29,0.004412628710269928,170.4,51.111,100.11,8.41,0,False,,763.0
849,29,0.004224373493343592,175.573,55.59,105.3,8.22,0,False,,763.0
850,29,0.004338930360972881,172.36,52.828,102.09,8.41,0,False,,763.0
851,29,0.004296301864087582,173.655,53.73,103.35,8.29,0,False,,763.0
852,29,0.0043242862448096275,173.105,52.861,102.79,8.32,0,False,,763.0
853,29,0.004225650802254677,175.928,55.202,105.66,8.19,0,False,,763.0
854,29,0.004365687724202871,171.695,52.149,101.41,8.33,0,False,,763.0
855,29,0.004267633892595768,174.339,54.529,104.06,8.19,0,False,,763.0
856,29,0.004348928574472666,171.95,52.72,101.67,8.37,0,False,,763.0
857,29,0.004333779215812683,172.548,52.907,102.26,8.35,0,False,,763.0
858,29,0.0044274101965129375,169.835,50.937,99.56,8.48,0,False,,763.0
859,29,0.004321161191910505,172.99,53.118,102.7,8.28,0,False,,763.0
860,29,0.004412970505654812,170.215,51.263,99.94,8.4,0,False,,763.0
861,29,0.0043788813054561615,171.114,52.05,100.83,8.44,0,False,,763.0
862,29,0.004457108676433563,169.142,50.199,98.82,8.54,0,False,,763.0
863,29,0.00427973922342062,174.206,54.048,103.94,8.27,0,False,,763.0
864,29,0.004290549550205469,174.038,53.666,103.77,8.31,0,False,,763.0
865,29,0.004461818840354681,169.073,50.046,98.8,8.46,0,False,,763.0
866,29,0.004304409492760897,173.282,53.671,102.98,8.3,0,False,,763.0
867,29,0.004323392175137997,173.059,52.946,102.75,8.34,0,False,,763.0
868,29,0.0043366169556975365,172.429,52.878,102.15,8.31,0,False,,763.0
869,29,0.004379140213131905,171.292,51.875,101.02,8.4,0,False,,763.0
870,29,0.004399005323648453,170.604,51.564,100.34,8.45,0,False,,763.0
871,30,0.004486828576773405,168.461,49.467,98.17,8.46,0,False,,763.0
872,30,0.004331985488533974,173.322,52.29,103.04,8.33,0,False,,763.0
873,30,0.004269037861377001,174.101,54.676,103.81,8.28,0,False,,763.0
874,30,0.004395903553813696,170.961,51.385,100.67,8.36,0,False,,763.0
875,30,0.004471296910196543,168.663,49.987,98.39,8.46,0,False,,763.0
876,30,0.0039771609008312225,184.161,61.159,113.87,7.95,0,False,,763.0
877,30,0.004384412430226803,171.328,51.594,101.02,8.36,0,False,,763.0
878,30,0.004382339771836996,171.374,51.65,101.08,8.38,0,False,,763.0
879,30,0.004394999239593744,171.401,51.028,101.08,8.43,0,False,,763.0
880,30,0.004348539747297764,172.163,52.545,101.87,8.36,0,False,,763.0
881,30,0.0041175540536642075,179.412,57.683,109.11,8.12,0,False,,763.0
882,30,0.0043297926895320415,172.744,52.921,102.44,8.38,0,False,,763.0
883,30,0.004513724707067013,167.801,48.86,97.55,8.48,0,False,,763.0
884,30,0.004387611988931894,171.477,51.307,101.18,8.4,0,False,,763.0
885,30,0.004394414369016886,171.415,51.042,101.09,8.41,0,False,,763.0
886,30,0.004381134640425444,171.25,51.819,100.97,8.34,0,False,,763.0
887,30,0.0043069361709058285,173.174,53.645,102.9,8.29,0,False,,763.0
888,30,0.004187441430985928,176.94,56.245,106.63,8.15,0,False,,763.0
889,30,0.004366984590888023,171.351,52.4,101.06,8.38,0,False,,763.0
890,30,0.0042243944481015205,175.772,55.408,105.49,8.22,0,False,,763.0
891,30,0.004305720794945955,173.197,53.684,102.89,8.31,0,False,,763.0
892,30,0.0042075286619365215,176.332,55.761,106.02,8.21,0,False,,763.0
893,30,0.004106020089238882,179.712,58.03,109.42,8.07,0,False,,763.0
894,30,0.004372257273644209,171.388,52.115,101.12,8.36,0,False,,763.0
895,30,0.004377550445497036,171.385,51.866,101.1,8.42,0,False,,763.0
896,30,0.004298591520637274,173.612,53.657,103.35,8.25,0,False,,763.0
897,30,0.0043006460182368755,173.613,53.554,103.3,8.33,0,False,,763.0
898,30,0.004381416365504265,171.657,51.436,101.38,8.34,0,False,,763.0
899,30,0.004357841331511736,171.765,52.46,101.48,8.38,0,False,,763.0
900,31,0.00434593390673399,172.427,52.43,102.13,8.3,0,False,,763.0
901,31,0.004307680297642946,173.446,53.362,103.16,8.28,0,False,,763.0
902,31,0.004114567302167416,179.653,57.624,109.38,8.07,0,False,,763.0
903,31,0.0043147713877260685,173.354,53.098,103.05,8.27,0,False,,763.0
904,31,0.004097742028534412,181.236,57.092,110.92,7.98,0,False,,763.0
905,31,0.0042813862673938274,174.211,53.962,103.91,8.23,0,False,,763.0
906,31,0.0041803959757089615,177.341,56.246,107.02,8.11,0,False,,763.0
907,31,0.0041866605170071125,177.013,56.219,106.71,8.14,0,False,,763.0
908,31,0.004299165681004524,173.865,53.398,103.56,8.3,0,False,,763.0
909,31,0.004288769792765379,174.484,53.349,104.18,8.3,0,False,,763.0
910,31,0.004460237920284271,168.827,50.342,98.54,8.45,0,False,,763.0
911,31,0.00439809262752533,170.507,51.695,100.25,8.41,0,False,,763.0
912,31,0.004447312094271183,169.144,50.646,98.87,8.41,0,False,,763.0
913,31,0.004430163651704788,170.157,50.516,99.85,8.39,0,False,,763.0
914,31,0.004350761417299509,172.4,52.223,102.14,8.28,0,False,,763.0
915,31,0.004250007681548595,174.958,54.851,104.68,8.2,0,False,,763.0
916,31,0.004427867941558361,170.01,50.756,99.74,8.38,0,False,,763.0
917,31,0.004486644174903631,168.716,49.244,98.43,8.43,0,False,,763.0
918,31,0.0043979608453810215,170.987,51.265,100.7,8.38,0,False,,763.0
919,31,0.004211251623928547,177.063,54.906,106.77,8.21,0,False,,763.0
920,31,0.0043168882839381695,173.092,53.233,102.8,8.37,0,False,,763.0
921,31,0.004323198460042477,173.59,52.473,103.32,8.26,0,False,,763.0
922,31,0.004100884776562452,180.035,58.013,109.77,8.09,0,False,,763.0
923,31,0.004504417069256306,167.692,49.375,97.39,8.5,0,False,,763.0
924,31,0.004061282146722078,181.558,58.79,111.24,8.02,0,False,,763.0
925,31,0.004292849916964769,173.932,53.649,103.64,8.25,0,False,,763.0
926,31,0.004396130796521902,171.208,51.149,100.9,8.36,0,False,,763.0
927,31,0.004161426331847906,178.201,56.456,107.89,8.07,0,False,,763.0
928,31,0.00414723064750433,178.423,57.001,108.16,8.11,0,False,,763.0
929,32,0.004286594223231077,173.718,54.152,103.42,8.26,0,False,,763.0
930,32,0.004314019810408354,173.296,53.187,103.01,8.28,0,False,,763.0
931,32,0.004148655571043491,178.329,57.012,108.06,8.05,0,False,,763.0
932,32,0.0044679585844278336,169.039,49.797,98.74,8.42,0,False,,763.0
933,32,0.004470207262784243,169.084,49.654,98.77,8.41,0,False,,763.0
934,32,0.004199541639536619,176.655,55.878,106.37,8.12,0,False,,763.0
935,32,0.004259197972714901,174.701,54.623,104.39,8.22,0,False,,763.0
936,32,0.004257672466337681,174.927,54.494,104.61,8.19,0,False,,763.0
937,32,0.004352888558059931,172.298,52.214,102.0,8.41,0,False,,763.0
938,32,0.004361492581665516,172.404,51.705,102.11,8.35,0,False,,763.0
939,32,0.004380830563604832,171.423,51.676,101.14,8.36,0,False,,763.0
940,32,0.004140584729611874,178.619,57.176,108.32,8.12,0,False,,763.0
941,32,0.004342176951467991,172.296,52.73,102.01,8.31,0,False,,763.0
942,32,0.004263115115463734,174.609,54.51,104.34,8.23,0,False,,763.0
943,32,0.004184192046523094,178.098,55.36,107.84,8.11,0,False,,763.0
944,32,0.004327511414885521,173.041,52.763,102.78,8.3,0,False,,763.0
945,32,0.0041047632694244385,180.148,57.701,109.9,8.06,0,False,,763.0
946,32,0.004369473084807396,171.661,52.0,101.38,8.3,0,False,,763.0
947,32,0.004343430511653423,172.687,52.315,102.38,8.32,0,False,,763.0
948,32,0.004384513478726149,171.337,51.581,101.07,8.33,0,False,,763.0
949,32,0.004462831187993288,168.875,50.18,98.61,8.48,0,False,,763.0
950,32,0.004258145112544298,175.317,54.115,105.0,8.25,0,False,,763.0
951,32,0.004254182800650597,175.033,54.573,104.73,8.23,0,False,,763.0
952,32,0.004340684972703457,172.355,52.748,102.06,8.32,0,False,,763.0
953,32,0.00436759227886796,171.699,52.055,101.4,8.38,0,False,,763.0
954,32,0.004175025038421154,177.594,56.296,107.33,8.12,0,False,,763.0
955,32,0.0043334197252988815,172.702,52.784,102.42,8.29,0,False,,763.0
956,32,0.0043590860441327095,172.089,52.106,101.8,8.31,0,False,,763.0
957,32,0.004378009587526321,171.539,51.705,101.26,8.32,0,False,,763.0
958,33,0.004058477934449911,181.529,58.971,111.24,8.0,0,False,,763.0
959,33,0.004437444731593132,169.868,50.443,99.57,8.44,0,False,,763.0
960,33,0.004496326204389334,168.08,49.385,97.77,8.53,0,False,,763.0
961,33,0.004431728273630142,169.844,50.729,99.59,8.45,0,False,,763.0
962,33,0.0043601044453680515,171.789,52.33,101.47,8.31,0,False,,763.0
963,33,0.004416234791278839,170.362,50.978,100.09,8.34,0,False,,763.0
964,33,0.00439089722931385,170.616,51.934,100.32,8.41,0,False,,763.0
965,33,0.004202231299132109,176.363,56.005,106.06,8.14,0,False,,763.0
966,33,0.0037498129531741142,191.427,68.412,121.12,7.9,0,False,,763.0
967,33,0.0045884111896157265,166.076,47.149,95.75,8.57,0,False,,763.0
968,33,0.004321702755987644,173.495,52.632,103.22,8.27,0,False,,763.0
969,33,0.004193900153040886,176.768,56.067,106.49,8.16,0,False,,763.0
970,33,0.004330655559897423,172.412,53.182,102.12,8.31,0,False,,763.0
971,33,0.004289521835744381,173.71,54.014,103.39,8.28,0,False,,763.0
972,33,0.004426190629601479,169.976,50.865,99.7,8.43,0,False,,763.0
973,33,0.004450575914233923,169.092,50.544,98.82,8.47,0,False,,763.0
974,33,0.004014637786895037,182.851,60.216,112.56,8.01,0,False,,763.0
975,33,0.00437903730198741,171.498,51.693,101.2,8.35,0,False,,763.0
976,33,0.004417805001139641,170.345,50.92,100.05,8.41,0,False,,763.0
977,33,0.0044423844665288925,169.62,50.44,99.36,8.39,0,False,,763.0
978,33,0.004407512955367565,170.581,51.186,100.31,8.35,0,False,,763.0
979,33,0.004401167389005423,170.856,51.233,100.59,8.39,0,False,,763.0
980,33,0.004451326094567776,169.254,50.362,98.99,8.42,0,False,,763.0
981,33,0.00448566023260355,168.558,49.431,98.24,8.43,0,False,,763.0
982,33,0.004316428676247597,172.917,53.414,102.62,8.29,0,False,,763.0
983,33,0.00418084254488349,176.962,56.567,106.65,8.12,0,False,,763.0
984,33,0.00449016597121954,167.97,49.763,97.67,8.52,0,False,,763.0
985,33,0.004247979260981083,175.32,54.624,105.01,8.23,0,False,,763.0
986,33,0.00425135949626565,174.611,55.098,104.33,8.21,0,False,,763.0
987,34,0.004318336956202984,172.946,53.295,102.63,8.3,0,False,,763.0
988,34,0.004361333325505257,171.585,52.457,101.29,8.36,0,False,,763.0
989,34,0.004344268701970577,172.237,52.683,101.94,8.36,0,False,,763.0
990,34,0.00438087061047554,170.623,52.402,100.32,8.4,0,False,,763.0
991,34,0.004168670158833265,177.474,56.737,107.19,8.18,0,False,,763.0
992,34,0.004353159107267857,171.835,52.621,101.55,8.37,0,False,,763.0
993,34,0.004321107640862465,173.451,52.701,103.16,8.31,0,False,,763.0
994,34,0.004391144495457411,171.191,51.4,100.93,8.37,0,False,,763.0
995,34,0.004404716659337282,170.798,51.119,100.51,8.41,0,False,,763.0
996,34,0.0042810882441699505,174.164,54.02,103.9,8.26,0,False,,763.0
997,34,0.00435768673196435,171.886,52.358,101.58,8.32,0,False,,763.0
998,34,0.004443657118827105,169.515,50.477,99.25,8.43,0,False,,763.0
999,34,0.004379479680210352,171.512,51.659,101.18,8.33,0,False,,763.0
1000,34,0.004413103684782982,170.052,51.405,99.77,8.4,0,False,,763.0
1001,34,0.0043908944353461266,171.062,51.529,100.76,8.41,0,False,,763.0
1002,34,0.004405230283737183,170.371,51.484,100.07,8.44,0,False,,763.0
1003,34,0.004527037497609854,167.482,48.557,97.18,8.53,0,False,,763.0
1004,34,0.004379444755613804,171.451,51.717,101.19,8.36,0,False,,763.0
1005,34,0.004143259953707457,178.765,56.9,108.44,8.13,0,False,,763.0
1006,34,0.0043937768787145615,170.955,51.49,100.68,8.37,0,False,,763.0
1007,34,0.004403491038829088,170.786,51.187,100.49,8.38,0,False,,763.0
1008,34,0.0044052815064787865,170.585,51.287,100.3,8.39,0,False,,763.0
1009,34,0.003965063486248255,185.241,60.874,114.97,7.85,0,False,,763.0
1010,34,0.004465741105377674,168.807,50.109,98.53,8.47,0,False,,763.0
1011,34,0.00421596085652709,176.14,55.503,105.82,8.21,0,False,,763.0
1012,34,0.004210479557514191,176.556,55.406,106.27,8.21,0,False,,763.0
1013,34,0.002808520570397377,235.214,109.86,164.92,7.48,0,False,,763.0
1014,34,0.004363704938441515,171.274,52.626,101.0,8.37,0,False,,763.0
1015,34,0.0044241733849048615,170.301,50.663,99.97,8.46,0,False,,763.0
1016,35,0.00433927308768034,172.269,52.895,101.97,8.35,0,False,,763.0
1017,35,0.004405594430863857,170.299,51.532,100.04,8.44,0,False,,763.0
1018,35,0.004430804401636124,170.037,50.596,99.75,8.45,0,False,,763.0
1019,35,0.004426794126629829,170.227,50.609,99.93,8.41,0,False,,763.0
1020,35,0.004295888356864452,173.792,53.626,103.52,8.29,0,False,,763.0
1021,35,0.004407474771142006,170.662,51.114,100.36,8.47,0,False,,763.0
1022,35,0.0042903730645775795,173.957,53.748,103.67,8.26,0,False,,763.0
1023,35,0.004492317792028189,168.46,49.22,98.17,8.5,0,False,,763.0
1024,35,0.00449031637981534,168.376,49.387,98.1,8.51,0,False,,763.0
1025,35,0.004416255280375481,169.969,51.334,99.68,8.41,0,False,,763.0
1026,35,0.004026006907224655,181.955,60.391,111.66,7.99,0,False,,763.0
1027,35,0.0043961284682154655,170.847,51.478,100.55,8.41,0,False,,763.0
1028,35,0.004386721644550562,170.827,51.94,100.55,8.41,0,False,,763.0
1029,35,0.0044533079490065575,169.317,50.214,99.04,8.47,0,False,,763.0
1030,35,0.00441820127889514,170.807,50.481,100.51,8.41,0,False,,763.0
1031,35,0.004428438376635313,170.359,50.413,100.06,8.46,0,False,,763.0
1032,35,0.004468785598874092,168.588,50.169,98.31,8.47,0,False,,763.0
1033,35,0.0043832287192344666,172.24,50.82,101.97,8.41,0,False,,763.0
1034,35,0.0042184642516076565,175.731,55.747,105.45,8.17,0,False,,763.0
1035,35,0.004442682024091482,169.497,50.539,99.2,8.49,0,False,,763.0
1036,35,0.0043062916956841946,173.288,53.573,103.0,8.33,0,False,,763.0
1037,35,0.00430130073800683,173.218,53.882,102.92,8.29,0,False,,763.0
1038,35,0.0044550662860274315,169.223,50.219,98.97,8.45,0,False,,763.0
1039,35,0.0044783358462154865,168.632,49.696,98.32,8.52,0,False,,763.0
1040,35,0.004222323652356863,175.937,55.363,105.66,8.21,0,False,,763.0
1041,35,0.004425779916346073,170.199,50.682,99.92,8.46,0,False,,763.0
1042,35,0.004180180374532938,177.765,55.872,107.45,8.13,0,False,,763.0
1043,35,0.004269114229828119,175.311,53.573,105.0,8.31,0,False,,763.0
1044,35,0.004283523187041283,174.122,53.937,103.86,8.29,0,False,,763.0
1045,36,0.004388525616377592,171.562,51.186,101.29,8.37,0,False,,763.0
1046,36,0.004404838662594557,170.976,50.952,100.68,8.41,0,False,,763.0
1047,36,0.004466067999601364,168.697,50.194,98.39,8.53,0,False,,763.0
1048,36,0.004411141388118267,170.443,51.142,100.15,8.41,0,False,,763.0
1049,36,0.004457710310816765,169.242,50.08,98.97,8.48,0,False,,763.0
1050,36,0.004408106207847595,170.771,50.986,100.47,8.41,0,False,,763.0
1051,36,0.004197494592517614,176.777,55.873,106.49,8.18,0,False,,763.0
1052,36,0.004376319702714682,171.55,51.775,101.25,8.42,0,False,,763.0
1053,36,0.004391311202198267,171.292,51.3,101.01,8.4,0,False,,763.0
1054,36,0.0043935212306678295,171.501,51.007,101.22,8.4,0,False,,763.0
1055,36,0.004322412423789501,172.881,53.156,102.57,8.34,0,False,,763.0
1056,36,0.004471076652407646,168.64,50.018,98.35,8.48,0,False,,763.0
1057,36,0.004479050636291504,168.599,49.693,98.29,8.47,0,False,,763.0
1058,36,0.0044055660255253315,170.616,51.245,100.33,8.44,0,False,,763.0
1059,36,0.004437393508851528,169.986,50.338,99.7,8.46,0,False,,763.0
1060,36,0.004397884476929903,170.558,51.658,100.29,8.42,0,False,,763.0
1061,36,0.004280101507902145,174.0,54.218,103.72,8.28,0,False,,763.0
1062,36,0.004472292959690094,169.06,49.581,98.78,8.47,0,False,,763.0
1063,36,0.004446884151548147,169.433,50.404,99.13,8.44,0,False,,763.0
1064,36,0.004262805450707674,174.771,54.379,104.49,8.32,0,False,,763.0
1065,36,0.004458590876311064,169.138,50.135,98.84,8.48,0,False,,763.0
1066,36,0.004403216764330864,170.659,51.316,100.34,8.42,0,False,,763.0
1067,36,0.004480778705328703,168.119,50.051,97.82,8.52,0,False,,763.0
1068,36,0.004516872111707926,167.788,48.731,97.53,8.55,0,False,,763.0
1069,36,0.0039538247510790825,185.453,61.333,115.17,7.91,0,False,,763.0
1070,36,0.004550399258732796,166.41,48.501,96.12,8.59,0,False,,763.0
1071,36,0.00428616302087903,174.132,53.797,103.82,8.26,0,False,,763.0
1072,36,0.0043501658365130424,172.273,52.367,101.97,8.38,0,False,,763.0
1073,36,0.004490943159908056,168.341,49.391,98.07,8.53,0,False,,763.0
1074,37,0.004425933584570885,169.975,50.878,99.68,8.4,0,False,,763.0
1075,37,0.004507974721491337,167.916,49.012,97.65,8.54,0,False,,763.0
1076,37,0.004321836866438389,172.76,53.294,102.48,8.33,0,False,,763.0
1077,37,0.004357512108981609,172.111,52.161,101.82,8.33,0,False,,763.0
1078,37,0.004449612461030483,169.139,50.545,98.86,8.43,0,False,,763.0
1079,37,0.004469919018447399,169.012,49.733,98.73,8.46,0,False,,763.0
1080,37,0.004365040920674801,171.788,52.096,101.5,8.31,0,False,,763.0
1081,37,0.00425909087061882,174.945,54.406,104.63,8.3,0,False,,763.0
1082,37,0.004440978169441223,170.796,49.436,100.53,8.39,0,False,,763.0
1083,37,0.004435832612216473,170.101,50.305,99.83,8.4,0,False,,763.0
1084,37,0.004455209244042635,169.309,50.134,99.05,8.46,0,False,,763.0
1085,37,0.0044832718558609486,168.423,49.662,98.16,8.49,0,False,,763.0
1086,37,0.004440166521817446,169.966,50.228,99.7,8.39,0,False,,763.0
1087,37,0.003730808850377798,190.976,70.056,120.66,8.23,0,False,,763.0
1088,37,0.0044069732539355755,170.634,51.163,100.36,8.39,0,False,,763.0
1089,37,0.004379243589937687,171.433,51.743,101.16,8.42,0,False,,763.0
1090,37,0.0045207045041024685,167.43,48.886,97.14,8.54,0,False,,763.0
1091,37,0.004384294152259827,170.949,51.944,100.65,8.39,0,False,,763.0
1092,37,0.004477347247302532,168.413,49.94,98.15,8.47,0,False,,763.0
1093,37,0.004573515150696039,166.489,47.419,96.2,8.55,0,False,,763.0
1094,37,0.004549535922706127,167.262,47.764,96.96,8.5,0,False,,763.0
1095,37,0.0044353376142680645,169.662,50.727,99.39,8.46,0,False,,763.0
1096,37,0.004258252214640379,175.362,54.069,105.08,8.22,0,False,,763.0
1097,37,0.004342486150562763,172.374,52.645,102.08,8.35,0,False,,763.0
1098,37,0.004515829496085644,167.709,48.849,97.44,8.5,0,False,,763.0
1099,37,0.004256214015185833,174.987,54.512,104.7,8.21,0,False,,763.0
1100,37,0.004453214816749096,169.515,50.038,99.23,8.44,0,False,,763.0
1101,37,0.004355853423476219,172.362,52.013,102.09,8.32,0,False,,763.0
1102,37,0.004483667202293873,168.519,49.557,98.24,8.48,0,False,,763.0
1103,38,0.00452964985743165,167.617,48.318,97.29,8.52,0,False,,763.0
1104,38,0.004477000795304775,169.076,49.353,98.78,8.43,0,False,,763.0
1105,38,0.0044595105573534966,169.543,49.725,99.2,8.44,0,False,,763.0
1106,38,0.004379909951239824,171.405,51.737,101.13,8.41,0,False,,763.0
1107,38,0.00431013572961092,173.644,53.062,103.32,8.28,0,False,,763.0
1108,38,0.004349293187260628,173.123,51.636,102.83,8.33,0,False,,763.0
1109,38,0.004477050621062517,169.231,49.21,98.98,8.44,0,False,,763.0
1110,38,0.0028361810836941004,232.384,109.275,162.09,7.54,0,False,,763.0
1111,38,0.004455791786313057,169.113,50.286,98.86,8.49,0,False,,763.0
1112,38,0.004198004957288504,177.326,55.347,107.05,8.16,0,False,,763.0
1113,38,0.00426604924723506,174.723,54.26,104.46,8.24,0,False,,763.0
1114,38,0.004444889724254608,170.038,49.945,99.75,8.41,0,False,,763.0
1115,38,0.004479873459786177,169.096,49.204,98.82,8.47,0,False,,763.0
1116,38,0.004495324566960335,168.839,48.74,98.55,8.48,0,False,,763.0
1117,38,0.004408974666148424,170.713,50.997,100.41,8.39,0,False,,763.0
1118,38,0.004329616203904152,172.837,52.845,102.56,8.33,0,False,,763.0
1119,38,0.004537215922027826,167.305,48.267,97.01,8.56,0,False,,763.0
1120,38,0.004504919517785311,168.617,48.511,98.34,8.5,0,False,,763.0
1121,38,0.004473213106393814,168.958,49.632,98.65,8.45,0,False,,763.0
1122,38,0.004215278662741184,177.342,54.446,107.08,8.11,0,False,,763.0
1123,38,0.004432907328009605,170.199,50.351,99.91,8.43,0,False,,763.0
1124,38,0.004256627056747675,174.912,54.56,104.61,8.19,0,False,,763.0
1125,38,0.0044524092227220535,169.426,50.156,99.17,8.41,0,False,,763.0
1126,38,0.004497402347624302,168.381,49.063,98.11,8.5,0,False,,763.0
1127,38,0.004540426190942526,167.393,48.046,97.1,8.53,0,False,,763.0
1128,38,0.004331154748797417,172.62,52.969,102.35,8.32,0,False,,763.0
1129,38,0.004510130733251572,168.083,48.764,97.78,8.49,0,False,,763.0
1130,38,0.004578408319503069,166.433,47.258,96.14,8.58,0,False,,763.0
1131,38,0.004559756722301245,166.739,47.792,96.44,8.56,0,False,,763.0
1132,39,0.004480647388845682,168.89,49.356,98.6,8.5,0,False,,763.0
1133,39,0.004505863878875971,168.073,48.963,97.76,8.52,0,False,,763.0
1134,39,0.00426476402208209,175.588,53.537,105.33,8.21,0,False,,763.0
1135,39,0.0045847659930586815,166.189,47.204,95.91,8.55,0,False,,763.0
1136,39,0.004488557577133179,168.599,49.263,98.3,8.45,0,False,,763.0
1137,39,0.004441221244633198,170.299,49.877,100.02,8.44,0,False,,763.0
1138,39,0.004366547334939241,172.333,51.528,102.04,8.35,0,False,,763.0
1139,39,0.004436758812516928,170.312,50.071,100.04,8.41,0,False,,763.0
1140,39,0.0045328387059271336,167.397,48.377,97.08,8.5,0,False,,763.0
1141,39,0.0045612771064043045,166.908,47.571,96.62,8.53,0,False,,763.0
1142,39,0.004369020462036133,172.447,51.307,102.14,8.3,0,False,,763.0
1143,39,0.004365605302155018,172.343,51.564,102.05,8.29,0,False,,763.0
1144,39,0.004507186822593212,168.408,48.6,98.12,8.46,0,False,,763.0
1145,39,0.004516161046922207,167.655,48.883,97.36,8.49,0,False,,763.0
1146,39,0.004524948541074991,167.501,48.633,97.2,8.51,0,False,,763.0
1147,39,0.004547771066427231,167.288,47.818,97.0,8.5,0,False,,763.0
1148,39,0.004523628856986761,167.995,48.242,97.68,8.51,0,False,,763.0
1149,39,0.004014038015156984,182.435,60.628,112.16,8.01,0,False,,763.0
1150,39,0.0045112608931958675,168.09,48.706,97.83,8.51,0,False,,763.0
1151,39,0.0039497618563473225,186.081,60.999,115.8,7.89,0,False,,763.0
1152,39,0.0044523985125124454,169.623,49.978,99.35,8.45,0,False,,763.0
1153,39,0.0035720253363251686,198.797,73.779,128.54,7.82,0,False,,763.0
1154,39,0.00427183648571372,175.088,53.64,104.78,8.18,0,False,,763.0
1155,39,0.004445772618055344,169.966,49.97,99.73,8.38,0,False,,763.0
1156,39,0.004471409600228071,169.066,49.616,98.76,8.42,0,False,,763.0
1157,39,0.004390209447592497,171.427,51.229,101.16,8.35,0,False,,763.0
1158,39,0.004475663881748915,168.769,49.692,98.49,8.49,0,False,,763.0
1159,39,0.004502428229898214,168.067,49.123,97.81,8.5,0,False,,763.0
1160,39,0.004572690464556217,166.412,47.526,96.14,8.55,0,False,,763.0
1161,40,0.0045204260386526585,168.13,48.262,97.84,8.51,0,False,,763.0
1162,40,0.00458565354347229,166.121,47.228,95.81,8.57,0,False,,763.0
1163,40,0.00443971436470747,170.054,50.169,99.72,8.41,0,False,,763.0
1164,40,0.004399162717163563,171.219,50.997,100.97,8.36,0,False,,763.0
1165,40,0.004491416271775961,168.604,49.13,98.34,8.46,0,False,,763.0
1166,40,0.004540250636637211,167.236,48.197,96.94,8.49,0,False,,763.0
1167,40,0.004250573460012674,175.545,54.288,105.26,8.23,0,False,,763.0
1168,40,0.004309439100325108,173.499,53.227,103.24,8.3,0,False,,763.0
1169,40,0.0037481647450476885,192.633,67.422,122.33,7.91,0,False,,763.0
1170,40,0.004289266187697649,174.754,53.079,104.46,8.24,0,False,,763.0
1171,40,0.004214142449200153,176.529,55.242,106.22,8.16,0,False,,763.0
1172,40,0.004388944711536169,171.405,51.309,101.14,8.38,0,False,,763.0
1173,40,0.004562160931527615,166.785,47.645,96.5,8.55,0,False,,763.0
1174,40,0.004494485445320606,168.625,48.972,98.32,8.42,0,False,,763.0
1175,40,0.0042756833136081696,175.089,53.447,104.8,8.26,0,False,,763.0
1176,40,0.0045114560052752495,168.215,48.585,97.92,8.48,0,False,,763.0
1177,40,0.004429042339324951,170.494,50.262,100.2,8.36,0,False,,763.0
1178,40,0.004414602182805538,171.326,50.177,101.03,8.32,0,False,,763.0
1179,40,0.00435372581705451,172.062,52.388,101.78,8.36,0,False,,763.0
1180,40,0.004482992459088564,168.89,49.25,98.58,8.44,0,False,,763.0
1181,40,0.00448605278506875,168.725,49.262,98.43,8.48,0,False,,763.0
1182,40,0.004499117843806744,168.436,48.936,98.14,8.5,0,False,,763.0
1183,40,0.004560478497296572,166.87,47.641,96.57,8.57,0,False,,763.0
1184,40,0.004440533462911844,169.619,50.527,99.33,8.45,0,False,,763.0
1185,40,0.004592536948621273,166.232,46.83,95.96,8.58,0,False,,763.0
1186,40,0.00442471681162715,170.334,50.608,100.05,8.41,0,False,,763.0
1187,40,0.004383082501590252,171.847,51.185,101.57,8.39,0,False,,763.0
1188,40,0.0043824282474815845,171.592,51.447,101.32,8.35,0,False,,763.0
1189,40,0.004180258139967918,178.358,55.329,108.06,8.13,0,False,,763.0
1190,41,0.004454811103641987,169.469,50.007,99.2,8.43,0,False,,763.0
1191,41,0.0043935892172157764,171.565,50.945,101.26,8.32,0,False,,763.0
1192,41,0.004465495236217976,169.52,49.472,99.25,8.48,0,False,,763.0
1193,41,0.0042385924607515335,176.031,54.451,105.73,8.23,0,False,,763.0
1194,41,0.004477628506720066,169.13,49.275,98.82,8.47,0,False,,763.0
1195,41,0.004218797665089369,176.38,55.14,106.09,8.18,0,False,,763.0
1196,41,0.004514600615948439,168.317,48.351,98.02,8.51,0,False,,763.0
1197,41,0.004541364032775164,167.343,48.05,97.07,8.52,0,False,,763.0
1198,41,0.004575144033879042,166.042,47.755,95.76,8.58,0,False,,763.0
1199,41,0.004353417549282312,172.678,51.843,102.39,8.36,0,False,,763.0
1200,41,0.004438185598701239,169.941,50.342,99.65,8.46,0,False,,763.0
1201,41,0.0042360927909612656,175.663,54.912,105.38,8.22,0,False,,763.0
1202,41,0.004462434444576502,169.541,49.592,99.23,8.46,0,False,,763.0
1203,41,0.004334744531661272,173.494,52.0,103.2,8.31,0,False,,763.0
1204,41,0.004331808537244797,173.185,52.423,102.91,8.28,0,False,,763.0
1205,41,0.004413139075040817,170.849,50.679,100.58,8.35,0,False,,763.0
1206,41,0.0043675247579813,171.865,51.907,101.6,8.34,0,False,,763.0
1207,41,0.004421166144311428,170.768,50.379,100.49,8.37,0,False,,763.0
1208,41,0.004556137602776289,167.03,47.685,96.76,8.56,0,False,,763.0
1209,41,0.004386275075376034,171.287,51.543,101.04,8.37,0,False,,763.0
1210,41,0.0044585284776985645,169.25,50.035,98.97,8.43,0,False,,763.0
1211,41,0.004586427938193083,166.474,46.873,96.15,8.54,0,False,,763.0
1212,41,0.004403321072459221,171.304,50.725,100.99,8.37,0,False,,763.0
1213,41,0.004470021463930607,169.25,49.511,98.93,8.43,0,False,,763.0
1214,41,0.004531893413513899,167.514,48.313,97.22,8.52,0,False,,763.0
1215,41,0.004538300912827253,167.573,47.976,97.3,8.52,0,False,,763.0
1216,41,0.003869506297633052,187.229,64.729,116.95,7.88,0,False,,763.0
1217,41,0.004426316358149052,170.488,50.394,100.18,8.38,0,False,,763.0
1218,41,0.004388305824249983,171.463,51.287,101.17,8.41,0,False,,763.0
1219,42,0.004435471259057522,170.307,50.135,100.0,8.4,0,False,,763.0
1220,42,0.004439856857061386,169.924,50.28,99.63,8.47,0,False,,763.0
1221,42,0.003485803958028555,202.557,76.655,132.27,7.75,0,False,,763.0
1222,42,0.004155078902840614,178.364,56.641,108.08,8.13,0,False,,763.0
1223,42,0.00424974923953414,175.06,54.771,104.77,8.26,0,False,,763.0
1224,42,0.004505339544266462,168.031,49.025,97.72,8.51,0,False,,763.0
1225,42,0.0044377935118973255,169.526,50.738,99.21,8.47,0,False,,763.0
1226,42,0.004414753057062626,170.885,50.571,100.62,8.4,0,False,,763.0
1227,42,0.00446593202650547,169.307,49.646,99.04,8.4,0,False,,763.0
1228,42,0.004347100388258696,172.727,52.101,102.43,8.3,0,False,,763.0
1229,42,0.004463726654648781,169.224,49.822,98.92,8.46,0,False,,763.0
1230,42,0.004285919480025768,174.101,53.837,103.81,8.32,0,False,,763.0
1231,42,0.004368760157376528,171.619,52.072,101.37,8.37,0,False,,763.0
1232,42,0.00430442625656724,174.156,52.875,103.86,8.27,0,False,,763.0
1233,42,0.004318202380090952,173.134,53.131,102.84,8.32,0,False,,763.0
1234,42,0.004391983617097139,171.021,51.515,100.76,8.39,0,False,,763.0
1235,42,0.004563525319099426,166.777,47.592,96.49,8.53,0,False,,763.0
1236,42,0.0045470441691577435,166.908,48.195,96.6,8.53,0,False,,763.0
1237,42,0.004435314331203699,170.025,50.398,99.73,8.41,0,False,,763.0
1238,42,0.004390525631606579,171.865,50.817,101.59,8.33,0,False,,763.0
1239,42,0.0044890777207911015,168.727,49.123,98.5,8.47,0,False,,763.0
1240,42,0.004328382667154074,173.809,52.022,103.52,8.28,0,False,,763.0
1241,42,0.004546508193016052,166.879,48.245,96.58,8.57,0,False,,763.0
1242,42,0.004449993837624788,169.26,50.418,98.98,8.49,0,False,,763.0
1243,42,0.004440688528120518,170.245,49.95,99.96,8.41,0,False,,763.0
1244,42,0.004571051802486181,166.377,47.628,96.1,8.59,0,False,,763.0
1245,42,0.004547963384538889,166.906,48.157,96.59,8.53,0,False,,763.0
1246,42,0.004400324542075396,171.358,50.817,101.06,8.37,0,False,,763.0
1247,42,0.0045410445891320705,167.737,47.706,97.44,8.51,0,False,,763.0
1248,43,0.0042753336019814014,174.119,54.346,103.86,8.29,0,False,,763.0
1249,43,0.00449839374050498,168.425,48.979,98.12,8.48,0,False,,763.0
1250,43,0.004506098106503487,168.131,48.9,97.83,8.5,0,False,,763.0
1251,43,0.004523507785052061,167.993,48.249,97.68,8.48,0,False,,763.0
1252,43,0.0045036934316158295,168.359,48.801,98.09,8.52,0,False,,763.0
1253,43,0.004342997446656227,172.717,52.308,102.42,8.38,0,False,,763.0
1254,43,0.004479808267205954,169.221,49.093,98.93,8.44,0,False,,763.0
1255,43,0.004400111269205809,171.262,50.913,100.98,8.37,0,False,,763.0
1256,43,0.00444223964586854,169.345,50.697,99.07,8.46,0,False,,763.0
1257,43,0.0045271930284798145,167.515,48.52,97.23,8.54,0,False,,763.0
1258,43,0.004608679097145796,165.727,46.595,95.44,8.6,0,False,,763.0
1259,43,0.004492008592933416,168.739,48.98,98.45,8.44,0,False,,763.0
1260,43,0.0043387203477323055,172.84,52.402,102.56,8.28,0,False,,763.0
1261,43,0.004378158133476973,171.746,51.51,101.43,8.32,0,False,,763.0
1262,43,0.004529181867837906,167.692,48.271,97.4,8.54,0,False,,763.0
1263,43,0.004305718466639519,175.315,51.759,105.06,8.22,0,False,,763.0
1264,43,0.004458119161427021,169.924,49.442,99.65,8.42,0,False,,763.0
1265,43,0.0044753672555089,168.823,49.657,98.53,8.48,0,False,,763.0
1266,43,0.0046201348304748535,165.254,46.536,94.99,8.61,0,False,,763.0
1267,43,0.004461860284209251,169.152,49.972,98.85,8.48,0,False,,763.0
1268,43,0.004465027712285519,168.983,49.982,98.7,8.5,0,False,,763.0
1269,43,0.004483532626181841,168.87,49.244,98.59,8.49,0,False,,763.0
1270,43,0.004468039609491825,169.325,49.533,99.03,8.47,0,False,,763.0
1271,43,0.004377057775855064,171.965,51.363,101.66,8.29,0,False,,763.0
1272,43,0.004654020071029663,164.52,45.771,94.27,8.65,0,False,,763.0
1273,43,0.004422806203365326,170.093,50.916,99.82,8.41,0,False,,763.0
1274,43,0.004521912895143032,167.949,48.36,97.67,8.49,0,False,,763.0
1275,43,0.0042821913957595825,174.91,53.287,104.62,8.25,0,False,,763.0
1276,43,0.004394882824271917,170.98,51.415,100.72,8.36,0,False,,763.0
1277,44,0.004503568634390831,168.24,48.915,97.95,8.47,0,False,,763.0
1278,44,0.004431223962455988,170.726,49.95,100.41,8.39,0,False,,763.0
1279,44,0.004479594994336367,168.827,49.461,98.54,8.53,0,False,,763.0
1280,44,0.004497036337852478,168.388,49.073,98.1,8.48,0,False,,763.0
1281,44,0.004457999486476183,169.431,49.895,99.15,8.5,0,False,,763.0
1282,44,0.004482421092689037,168.908,49.26,98.62,8.51,0,False,,763.0
1283,44,0.0041450452990829945,178.45,57.093,108.15,8.15,0,False,,763.0
1284,44,0.004433458670973778,170.119,50.398,99.81,8.41,0,False,,763.0
1285,44,0.004311806056648493,173.663,52.962,103.35,8.31,0,False,,763.0
1286,44,0.004550119396299124,167.241,47.758,96.95,8.52,0,False,,763.0
1287,44,0.004406149033457041,170.714,51.128,100.42,8.43,0,False,,763.0
1288,44,0.004444286692887545,169.906,50.093,99.63,8.44,0,False,,763.0
1289,44,0.00462275231257081,165.312,46.372,95.05,8.64,0,False,,763.0
1290,44,0.004502268973737955,168.248,48.966,97.95,8.53,0,False,,763.0
1291,44,0.0045914482325315475,166.076,47.018,95.78,8.63,0,False,,763.0
1292,44,0.004561948124319315,167.029,47.433,96.69,8.57,0,False,,763.0
1293,44,0.00433163158595562,172.658,52.911,102.35,8.36,0,False,,763.0
1294,44,0.004493616987019777,168.599,49.035,98.35,8.5,0,False,,763.0
1295,44,0.004602179862558842,165.806,46.802,95.56,8.6,0,False,,763.0
1296,44,0.004578836727887392,166.623,47.067,96.32,8.56,0,False,,763.0
1297,44,0.004534255247563124,167.596,48.134,97.28,8.53,0,False,,763.0
1298,44,0.004568982869386673,166.655,47.465,96.39,8.57,0,False,,763.0
1299,44,0.00391886942088604,186.595,62.346,116.3,7.9,0,False,,763.0
1300,44,0.004521443974226713,167.893,48.433,97.63,8.51,0,False,,763.0
1301,44,0.004271348938345909,175.152,53.606,104.85,8.27,0,False,,763.0
1302,44,0.00455344608053565,166.9,47.921,96.62,8.59,0,False,,763.0
1303,44,0.004644198343157768,164.82,45.911,94.55,8.63,0,False,,763.0
1304,44,0.0044880216009914875,168.866,49.045,98.59,8.46,0,False,,763.0
1305,44,0.004261731635779142,176.097,53.227,105.8,8.22,0,False,,763.0
1306,45,0.004586750641465187,166.152,47.152,95.87,8.58,0,False,,763.0
1307,45,0.004425674676895142,170.29,50.604,100.0,8.41,0,False,,763.0
1308,45,0.004532000981271267,167.739,48.104,97.45,8.52,0,False,,763.0
1309,45,0.004632237832993269,165.056,46.202,94.78,8.64,0,False,,763.0
1310,45,0.004450866021215916,169.916,49.781,99.63,8.43,0,False,,763.0
1311,45,0.004333397839218378,173.671,51.904,103.37,8.28,0,False,,763.0
1312,45,0.004562005400657654,166.782,47.654,96.52,8.53,0,False,,763.0
1313,45,0.004568183794617653,166.907,47.271,96.62,8.55,0,False,,763.0
1314,45,0.004560947418212891,166.721,47.756,96.42,8.61,0,False,,763.0
1315,45,0.004524994175881147,167.912,48.257,97.61,8.52,0,False,,763.0
1316,45,0.004479071591049433,169.085,49.25,98.8,8.49,0,False,,763.0
1317,45,0.004201456438750029,177.582,54.937,107.28,8.22,0,False,,763.0
1318,45,0.00450926972553134,168.337,48.571,98.06,8.49,0,False,,763.0
1319,45,0.004533212631940842,167.81,47.986,97.53,8.49,0,False,,763.0
1320,45,0.00449677649885416,168.375,49.097,98.09,8.44,0,False,,763.0
1321,45,0.004167244769632816,178.658,55.735,108.35,8.13,0,False,,763.0
1322,45,0.004460321739315987,169.301,49.907,98.99,8.44,0,False,,763.0
1323,45,0.004303996451199055,173.333,53.645,103.06,8.28,0,False,,763.0
1324,45,0.00457490561529994,166.476,47.371,96.2,8.58,0,False,,763.0
1325,45,0.004601072520017624,165.586,47.05,95.33,8.64,0,False,,763.0
1326,45,0.004553970415145159,166.779,48.009,96.51,8.55,0,False,,763.0
1327,45,0.004506994970142841,168.356,48.655,98.07,8.51,0,False,,763.0
1328,45,0.004477581009268761,169.135,49.273,98.84,8.47,0,False,,763.0
1329,45,0.004562867805361748,166.865,47.541,96.58,8.54,0,False,,763.0
1330,45,0.004495894070714712,168.573,48.957,98.26,8.47,0,False,,763.0
1331,45,0.004511370789259672,168.375,48.443,98.09,8.46,0,False,,763.0
1332,45,0.00453396700322628,167.73,48.025,97.45,8.51,0,False,,763.0
1333,45,0.00429186224937439,174.073,53.569,103.8,8.33,0,False,,763.0
1334,45,0.004564068745821714,166.75,47.594,96.44,8.55,0,False,,763.0
1335,46,0.0046187336556613445,165.491,46.38,95.21,8.64,0,False,,763.0
1336,46,0.004396126139909029,171.249,51.113,100.94,8.38,0,False,,763.0
1337,46,0.0045257750898599625,167.602,48.505,97.33,8.5,0,False,,763.0
1338,46,0.004584790673106909,165.927,47.442,95.65,8.58,0,False,,763.0
1339,46,0.0044233473017811775,170.456,50.561,100.16,8.4,0,False,,763.0
1340,46,0.004508254583925009,168.227,48.717,97.95,8.52,0,False,,763.0
1341,46,0.004501525312662125,167.967,49.254,97.66,8.46,0,False,,763.0
1342,46,0.0045194486156105995,167.637,48.754,97.35,8.55,0,False,,763.0
1343,46,0.004491043277084827,168.333,49.393,98.05,8.53,0,False,,763.0
1344,46,0.004450419917702675,170.873,48.932,100.59,8.41,0,False,,763.0
1345,46,0.004416033159941435,170.792,50.596,100.51,8.38,0,False,,763.0
1346,46,0.004092621151357889,179.826,58.651,109.56,8.24,0,False,,763.0
1347,46,0.004536509048193693,167.409,48.204,97.1,8.55,0,False,,763.0
1348,46,0.004401855636388063,171.168,50.917,100.86,8.36,0,False,,763.0
1349,46,0.004556766711175442,166.583,48.064,96.3,8.58,0,False,,763.0
1350,46,0.004359073471277952,172.4,51.824,102.09,8.32,0,False,,763.0
1351,46,0.004547554068267345,167.068,48.028,96.78,8.57,0,False,,763.0
1352,46,0.004529507365077734,167.851,48.113,97.56,8.53,0,False,,763.0
1353,46,0.0045209829695522785,167.999,48.356,97.71,8.53,0,False,,763.0
1354,46,0.004497232381254435,168.37,49.081,98.1,8.46,0,False,,763.0
1355,46,0.004439380951225758,170.274,49.984,100.0,8.4,0,False,,763.0
1356,46,0.0044113099575042725,170.775,50.832,100.47,8.43,0,False,,763.0
1357,46,0.004608347546309233,165.687,46.646,95.41,8.59,0,False,,763.0
1358,46,0.004556222353130579,166.855,47.841,96.58,8.55,0,False,,763.0
1359,46,0.0045757535845041275,166.621,47.202,96.35,8.57,0,False,,763.0
1360,46,0.004492558538913727,168.104,49.533,97.82,8.49,0,False,,763.0
1361,46,0.004449319560080767,169.668,50.077,99.39,8.45,0,False,,763.0
1362,46,0.004518760833889246,168.482,48.016,98.2,8.47,0,False,,763.0
1363,46,0.004483793396502733,168.712,49.376,98.44,8.5,0,False,,763.0
1364,47,0.004138442222028971,178.118,57.744,107.84,8.2,0,False,,763.0
1365,47,0.004602590575814247,165.798,46.792,95.51,8.61,0,False,,763.0
1366,47,0.004518405068665743,168.193,48.295,97.92,8.49,0,False,,763.0
1367,47,0.004515083972364664,167.834,48.769,97.57,8.51,0,False,,763.0
1368,47,0.004449428524821997,169.291,50.415,99.02,8.47,0,False,,763.0
1369,47,0.0042256698943674564,177.25,53.999,106.96,8.14,0,False,,763.0
1370,47,0.0045837415382266045,165.946,47.469,95.66,8.58,0,False,,763.0
1371,47,0.004312264733016491,173.751,52.86,103.48,8.28,0,False,,763.0
1372,47,0.004580313339829445,166.159,47.425,95.86,8.58,0,False,,763.0
1373,47,0.004236737731844187,175.705,54.841,105.42,8.19,0,False,,763.0
1374,47,0.004531484097242355,167.906,47.975,97.6,8.54,0,False,,763.0
1375,47,0.0045880661346018314,166.258,46.999,95.94,8.56,0,False,,763.0
1376,47,0.004544615279883146,166.958,48.257,96.69,8.58,0,False,,763.0
1377,47,0.004561596550047398,166.874,47.588,96.58,8.54,0,False,,763.0
1378,47,0.0046056522987782955,165.556,46.881,95.27,8.63,0,False,,763.0
1379,47,0.004355661571025848,172.722,51.695,102.42,8.33,0,False,,763.0
1380,47,0.004411444999277592,170.311,51.248,100.04,8.47,0,False,,763.0
1381,47,0.004511071834713221,168.257,48.564,97.99,8.53,0,False,,763.0
1382,47,0.004527443088591099,167.666,48.372,97.37,8.44,0,False,,763.0
1383,47,0.004375300835818052,171.638,51.743,101.33,8.36,0,False,,763.0
1384,47,0.0044162883423268795,170.663,50.701,100.37,8.41,0,False,,763.0
1385,47,0.004565933719277382,166.938,47.341,96.64,8.55,0,False,,763.0
1386,47,0.004409800283610821,171.051,50.651,100.78,8.38,0,False,,763.0
1387,47,0.004570684861391783,166.663,47.384,96.38,8.55,0,False,,763.0
1388,47,0.004145846702158451,178.527,56.98,108.24,8.1,0,False,,763.0
1389,47,0.004543914459645748,167.08,48.177,96.83,8.56,0,False,,763.0
1390,47,0.004527953453361988,167.223,48.752,96.94,8.53,0,False,,763.0
1391,47,0.004555885214358568,166.764,47.938,96.49,8.61,0,False,,763.0
1392,47,0.004552674014121294,166.744,48.097,96.47,8.6,0,False,,763.0
1393,48,0.004478004295378923,168.928,49.442,98.62,8.46,0,False,,763.0
1394,48,0.004419627133756876,170.442,50.747,100.15,8.35,0,False,,763.0
1395,48,0.004600290209054947,165.98,46.725,95.7,8.57,0,False,,763.0
1396,48,0.004274109844118357,173.94,54.57,103.65,8.42,0,False,,763.0
1397,48,0.004653029143810272,164.654,45.691,94.4,8.67,0,False,,763.0
1398,48,0.00454351119697094,167.245,48.045,96.95,8.55,0,False,,763.0
1399,48,0.004469605162739754,169.301,49.484,99.03,8.4,0,False,,763.0
1400,48,0.004499847535043955,167.874,49.414,97.6,8.56,0,False,,763.0
1401,48,0.004508142359554768,168.042,48.89,97.76,8.49,0,False,,763.0
1402,48,0.004433164838701487,170.128,50.404,99.83,8.41,0,False,,763.0
1403,48,0.004641872830688953,164.794,46.033,94.54,8.68,0,False,,763.0
1404,48,0.004386106040328741,171.805,51.08,101.53,8.34,0,False,,763.0
1405,48,0.00447701383382082,168.765,49.634,98.47,8.49,0,False,,763.0
1406,48,0.004473396576941013,168.733,49.828,98.45,8.49,0,False,,763.0
1407,48,0.004576922859996557,166.718,47.063,96.42,8.58,0,False,,763.0
1408,48,0.004522642120718956,167.959,48.318,97.69,8.52,0,False,,763.0
1409,48,0.004247736185789108,175.199,54.746,104.91,8.22,0,False,,763.0
1410,48,0.004603859968483448,165.691,46.835,95.44,8.59,0,False,,763.0
1411,48,0.0045580267906188965,166.729,47.877,96.45,8.58,0,False,,763.0
1412,48,0.004568818490952253,166.26,47.832,95.97,8.53,0,False,,763.0
1413,48,0.00417250907048583,178.644,55.473,108.32,8.15,0,False,,763.0
1414,48,0.004438260104507208,169.979,50.304,99.71,8.4,0,False,,763.0
1415,48,0.004430858418345451,170.194,50.451,99.91,8.41,0,False,,763.0
1416,48,0.004618484992533922,165.389,46.484,95.12,8.66,0,False,,763.0
1417,48,0.00453931326046586,167.3,48.18,97.04,8.56,0,False,,763.0
1418,48,0.004552437923848629,166.976,47.896,96.69,8.55,0,False,,763.0
1419,48,0.004630202893167734,165.073,46.273,94.78,8.64,0,False,,763.0
1420,48,0.004527961369603872,167.313,48.67,97.05,8.53,0,False,,763.0
1421,48,0.004521757364273071,167.541,48.738,97.27,8.56,0,False,,763.0
1422,49,0.004602987784892321,165.611,46.945,95.31,8.67,0,False,,763.0
1423,49,0.004269021097570658,176.038,52.916,105.79,8.23,0,False,,763.0
1424,49,0.004672013223171234,164.218,45.294,93.93,8.68,0,False,,763.0
1425,49,0.004581047222018242,166.379,47.193,96.1,8.56,0,False,,763.0
1426,49,0.004487686324864626,168.397,49.486,98.14,8.5,0,False,,763.0
1427,49,0.004421030171215534,171.03,50.147,100.74,8.36,0,False,,763.0
1428,49,0.00464093592017889,165.037,45.852,94.76,8.65,0,False,,763.0
1429,49,0.004134912043809891,179.573,56.609,109.28,8.16,0,False,,763.0
1430,49,0.004493590444326401,168.716,48.931,98.44,8.49,0,False,,763.0
1431,49,0.004466739483177662,169.149,49.752,98.91,8.45,0,False,,763.0
1432,49,0.004579238593578339,166.482,47.177,96.2,8.55,0,False,,763.0
1433,49,0.0045580132864415646,167.01,47.621,96.7,8.59,0,False,,763.0
1434,49,0.004450373351573944,169.336,50.332,99.05,8.51,0,False,,763.0
1435,49,0.004610160365700722,165.444,46.789,95.19,8.61,0,False,,763.0
1436,49,0.004603315144777298,165.823,46.738,95.52,8.63,0,False,,763.0
1437,49,0.00442337803542614,170.284,50.716,99.99,8.43,0,False,,763.0
1438,49,0.004355207085609436,172.41,52.0,102.1,8.38,0,False,,763.0
1439,49,0.004569477867335081,166.647,47.451,96.41,8.56,0,False,,763.0
1440,49,0.004603251349180937,165.721,46.834,95.4,8.63,0,False,,763.0
1441,49,0.004546616692095995,167.436,47.734,97.13,8.59,0,False,,763.0
1442,49,0.004565679933875799,166.658,47.607,96.35,8.56,0,False,,763.0
1443,49,0.004155782517045736,178.858,56.155,108.58,8.11,0,False,,763.0
1444,49,0.004515527747571468,168.08,48.526,97.8,8.5,0,False,,763.0
1445,49,0.00445823697373271,169.608,49.723,99.33,8.47,0,False,,763.0
1446,49,0.004485501907765865,168.667,49.339,98.35,8.54,0,False,,763.0
1447,49,0.004541379865258932,167.64,47.78,97.37,8.52,0,False,,763.0
1448,49,0.004452892579138279,169.381,50.174,99.1,8.54,0,False,,763.0
1449,49,0.004630809649825096,164.895,46.409,94.61,8.64,0,False,,763.0
1450,49,0.0045821089297533035,166.149,47.355,95.92,8.57,0,False,,763.0
1451,50,0.004606322385370731,165.713,46.709,95.43,8.58,0,False,,763.0
1452,50,0.00454909959807992,166.864,48.145,96.59,8.53,0,False,,763.0
1453,50,0.004574312828481197,166.351,47.51,96.08,8.54,0,False,,763.0
1454,50,0.004504270385950804,168.355,48.779,98.07,8.49,0,False,,763.0
1455,50,0.004549783188849688,167.208,47.802,96.89,8.56,0,False,,763.0
1456,50,0.004513970110565424,168.166,48.516,97.87,8.5,0,False,,763.0
1457,50,0.004462327342480421,169.488,49.646,99.21,8.44,0,False,,763.0
1458,50,0.00456046499311924,167.152,47.385,96.9,8.5,0,False,,763.0
1459,50,0.00458109937608242,166.317,47.246,96.05,8.59,0,False,,763.0
1460,50,0.004406026564538479,170.997,50.877,100.74,8.42,0,False,,763.0
1461,50,0.004566800314933062,167.282,46.991,96.97,8.53,0,False,,763.0
1462,50,0.004567054565995932,167.202,47.052,96.96,8.55,0,False,,763.0
1463,50,0.004399114288389683,170.92,51.271,100.66,8.43,0,False,,763.0
1464,50,0.0044187824241817,170.946,50.328,100.65,8.36,0,False,,763.0
1465,50,0.004556132480502129,166.782,47.911,96.49,8.55,0,False,,763.0
1466,50,0.004618143662810326,165.561,46.342,95.3,8.62,0,False,,763.0
1467,50,0.004585173912346363,166.383,47.01,96.1,8.58,0,False,,763.0
1468,50,0.004562548361718655,166.928,47.498,96.62,8.59,0,False,,763.0
1469,50,0.004476036876440048,168.869,49.585,98.62,8.46,0,False,,763.0
1470,50,0.004510671831667423,167.974,48.839,97.65,8.52,0,False,,763.0
1471,50,0.004275587387382984,174.647,53.853,104.39,8.23,0,False,,763.0
1472,50,0.004573027137666941,166.573,47.364,96.32,8.58,0,False,,763.0
1473,50,0.004327003378421068,173.807,52.09,103.52,8.29,0,False,,763.0
1474,50,0.004532132763415575,167.818,48.026,97.5,8.5,0,False,,763.0
1475,50,0.004442506469786167,170.071,50.025,99.8,8.44,0,False,,763.0
1476,50,0.0041656773537397385,179.009,55.498,108.74,8.08,0,False,,763.0
1477,50,0.004559519700706005,166.885,47.67,96.58,8.52,0,False,,763.0
1478,50,0.00442522531375289,170.45,50.48,100.17,8.45,0,False,,763.0
1479,50,0.004555071704089642,167.252,47.531,96.96,8.54,0,False,,763.0
1480,51,0.00446609640493989,169.894,49.105,99.62,8.42,0,False,,763.0
1481,51,0.004546061158180237,168.09,47.164,97.78,8.5,0,False,,763.0
1482,51,0.004626709967851639,165.26,46.252,94.97,8.6,0,False,,763.0
1483,51,0.004259184002876282,175.573,53.831,105.27,8.21,0,False,,763.0
1484,51,0.004451970104128122,169.478,50.128,99.18,8.47,0,False,,763.0
1485,51,0.0044916169717907906,168.516,49.201,98.22,8.49,0,False,,763.0
1486,51,0.0030987050849944353,220.242,93.157,149.96,7.55,0,False,,763.0
1487,51,0.004651531111449003,164.481,45.911,94.19,8.65,0,False,,763.0
1488,51,0.0046081249602139,166.014,46.358,95.71,8.59,0,False,,763.0
1489,51,0.004465275909751654,169.626,49.385,99.36,8.44,0,False,,763.0
1490,51,0.004436046350747347,170.195,50.21,99.91,8.39,0,False,,763.0
1491,51,0.004169754218310118,177.752,56.427,107.47,8.18,0,False,,763.0
1492,51,0.004492257256060839,168.776,48.936,98.5,8.46,0,False,,763.0
1493,51,0.004182751756161451,177.809,55.699,107.53,8.19,0,False,,763.0
1494,51,0.004384150262922049,171.883,51.101,101.6,8.3,0,False,,763.0
1495,51,0.004642830695956945,165.109,45.706,94.83,8.63,0,False,,763.0
1496,51,0.004594285041093826,166.166,46.814,95.87,8.6,0,False,,763.0
1497,51,0.0045179929584264755,167.803,48.667,97.54,8.52,0,False,,763.0
1498,51,0.0043541258201003075,172.993,51.522,102.68,8.39,0,False,,763.0
1499,51,0.004542815964668989,167.37,47.962,97.09,8.53,0,False,,763.0
1500,51,0.00460402388125658,166.128,46.43,95.85,8.56,0,False,,763.0
1501,51,0.004454233683645725,170.014,49.537,99.77,8.43,0,False,,763.0
1502,51,0.004512568470090628,168.185,48.562,97.9,8.48,0,False,,763.0
1503,51,0.004549223929643631,167.76,47.325,97.47,8.52,0,False,,763.0
1504,51,0.004469793289899826,169.583,49.219,99.3,8.43,0,False,,763.0
1505,51,0.004557923413813114,167.457,47.219,97.17,8.53,0,False,,763.0
1506,51,0.004437927156686783,170.963,49.425,100.67,8.38,0,False,,763.0
1507,51,0.004481270909309387,168.984,49.242,98.67,8.43,0,False,,763.0
1508,51,0.004419127944856882,170.417,50.793,100.14,8.42,0,False,,763.0
1509,52,0.004430943168699741,170.497,50.172,100.24,8.42,0,False,,763.0
1510,52,0.004653145559132099,164.463,45.86,94.2,8.66,0,False,,763.0
1511,52,0.004565950483083725,166.99,47.294,96.7,8.56,0,False,,763.0
1512,52,0.004642647225409746,164.764,46.028,94.51,8.67,0,False,,763.0
1513,52,0.0044461386278271675,170.035,49.89,99.75,8.43,0,False,,763.0
1514,52,0.004582700785249472,166.849,46.693,96.59,8.54,0,False,,763.0
1515,52,0.0046730260364711285,163.946,45.498,93.66,8.64,0,False,,763.0
1516,52,0.004409535322338343,171.189,50.539,100.9,8.39,0,False,,763.0
1517,52,0.004514127969741821,167.869,48.78,97.59,8.51,0,False,,763.0
1518,52,0.0038086320273578167,189.088,66.794,118.84,8.05,0,False,,763.0
1519,52,0.004621046595275402,166.071,45.755,95.82,8.59,0,False,,763.0
1520,52,0.004416163545101881,170.368,50.975,100.1,8.44,0,False,,763.0
1521,52,0.004432703834027052,170.456,50.127,100.15,8.39,0,False,,763.0
1522,52,0.004576461389660835,166.368,47.401,96.08,8.57,0,False,,763.0
1523,52,0.004577765706926584,166.111,47.578,95.82,8.59,0,False,,763.0
1524,52,0.004546226467937231,167.435,47.752,97.13,8.52,0,False,,763.0
1525,52,0.004578216001391411,166.73,46.996,96.44,8.55,0,False,,763.0
1526,52,0.0045722052454948425,167.246,46.788,97.0,8.51,0,False,,763.0
1527,52,0.004609993193298578,165.625,46.632,95.34,8.57,0,False,,763.0
1528,52,0.004620033781975508,165.87,45.98,95.58,8.55,0,False,,763.0
1529,52,0.004577757325023413,166.439,47.28,96.17,8.59,0,False,,763.0
1530,52,0.004565931390970945,166.779,47.486,96.48,8.58,0,False,,763.0
1531,52,0.0046250103041529655,165.806,45.827,95.5,8.57,0,False,,763.0
1532,52,0.004414706956595182,171.02,50.451,100.75,8.36,0,False,,763.0
1533,52,0.004511976148933172,168.398,48.394,98.14,8.44,0,False,,763.0
1534,52,0.004337891470640898,173.164,52.148,102.89,8.29,0,False,,763.0
1535,52,0.004583532456308603,166.178,47.267,95.88,8.6,0,False,,763.0
1536,52,0.004564182832837105,166.834,47.512,96.54,8.59,0,False,,763.0
1537,52,0.004477967508137226,169.832,48.621,99.57,8.48,0,False,,763.0
1538,53,0.004629994742572308,165.726,45.688,95.49,8.59,0,False,,763.0
1539,53,0.004613335244357586,166.13,46.03,95.84,8.57,0,False,,763.0
1540,53,0.00447123683989048,169.743,49.008,99.47,8.46,0,False,,763.0
1541,53,0.0042641302570700645,174.894,54.201,104.6,8.25,0,False,,763.0
1542,53,0.00435815192759037,173.313,51.038,103.05,8.28,0,False,,763.0
1543,53,0.0046155513264238834,165.801,46.235,95.53,8.61,0,False,,763.0
1544,53,0.004628680180758238,165.012,46.393,94.72,8.63,0,False,,763.0
1545,53,0.004461957141757011,169.921,49.269,99.63,8.45,0,False,,763.0
1546,53,0.004528902005404234,167.815,48.172,97.56,8.54,0,False,,763.0
1547,53,0.004149526357650757,178.792,56.545,108.48,8.08,0,False,,763.0
1548,53,0.004456312395632267,169.36,50.037,99.07,8.46,0,False,,763.0
1549,53,0.004492304753512144,168.915,48.807,98.63,8.44,0,False,,763.0
1550,53,0.004496686160564423,169.44,48.132,99.14,8.47,0,False,,763.0
1551,53,0.004323369823396206,174.705,51.451,104.43,8.31,0,False,,763.0
1552,53,0.00468917191028595,163.702,45.05,93.41,8.7,0,False,,763.0
1553,53,0.00455132219940424,167.216,47.727,96.93,8.54,0,False,,763.0
1554,53,0.004517597146332264,168.388,48.153,98.11,8.5,0,False,,763.0
1555,53,0.004592874553054571,166.118,46.919,95.82,8.58,0,False,,763.0
1556,53,0.0045639947056770325,167.305,47.092,96.99,8.5,0,False,,763.0
1557,53,0.00457810889929533,166.261,47.427,96.01,8.57,0,False,,763.0
1558,53,0.0043794396333396435,171.419,51.746,101.13,8.35,0,False,,763.0
1559,53,0.004485327750444412,168.653,49.36,98.37,8.48,0,False,,763.0
1560,53,0.004402591846883297,170.668,51.337,100.38,8.38,0,False,,763.0
1561,53,0.00448810076341033,168.805,49.097,98.52,8.46,0,False,,763.0
1562,53,0.004423249512910843,170.796,50.257,100.5,8.43,0,False,,763.0
1563,53,0.004263341426849365,176.118,53.127,105.81,8.28,0,False,,763.0
1564,53,0.004700278863310814,163.523,44.755,93.25,8.73,0,False,,763.0
1565,53,0.0045234085991978645,167.339,48.848,97.06,8.54,0,False,,763.0
1566,53,0.004527714569121599,167.986,48.069,97.71,8.53,0,False,,763.0
1567,54,0.004598582163453102,165.908,46.864,95.64,8.63,0,False,,763.0
1568,54,0.004524656105786562,167.718,48.448,97.45,8.53,0,False,,763.0
1569,54,0.004593916703015566,166.468,46.556,96.16,8.57,0,False,,763.0
1570,54,0.004576999228447676,166.438,47.315,96.16,8.57,0,False,,763.0
1571,54,0.004639648366719484,164.872,46.056,94.58,8.65,0,False,,763.0
1572,54,0.004533831961452961,167.982,47.802,97.72,8.49,0,False,,763.0
1573,54,0.004483053460717201,168.877,49.26,98.58,8.47,0,False,,763.0
1574,54,0.004587564151734114,165.919,47.329,95.64,8.58,0,False,,763.0
1575,54,0.0044110906310379505,171.166,50.486,100.92,8.36,0,False,,763.0
1576,54,0.00435060728341341,173.212,51.491,102.94,8.32,0,False,,763.0
1577,54,0.004504033830016851,168.354,48.79,98.05,8.47,0,False,,763.0
1578,54,0.004542464390397072,167.632,47.739,97.36,8.52,0,False,,763.0
1579,54,0.004502381198108196,168.692,48.557,98.41,8.45,0,False,,763.0
1580,54,0.004569836426526308,166.459,47.607,96.21,8.58,0,False,,763.0
1581,54,0.0044174958020448685,171.094,50.253,100.81,8.4,0,False,,763.0
1582,54,0.004327980801463127,172.873,52.893,102.61,8.39,0,False,,763.0
1583,54,0.0046629817225039005,164.383,45.52,94.08,8.65,0,False,,763.0
1584,54,0.004522405564785004,168.104,48.198,97.84,8.52,0,False,,763.0
1585,54,0.0046067507937550545,165.843,46.573,95.58,8.6,0,False,,763.0
1586,54,0.004287709482014179,173.936,53.899,103.67,8.31,0,False,,763.0
1587,54,0.004519419278949499,168.689,47.798,98.4,8.48,0,False,,763.0
1588,54,0.004389591049402952,172.043,50.699,101.73,8.33,0,False,,763.0
1589,54,0.004221830517053604,176.612,54.775,106.34,8.21,0,False,,763.0
1590,54,0.0045358724892139435,168.022,47.675,97.78,8.56,0,False,,763.0
1591,54,0.004619894083589315,165.934,45.928,95.63,8.54,0,False,,763.0
1592,54,0.004624424502253532,165.417,46.206,95.12,8.6,0,False,,763.0
1593,54,0.004429718479514122,170.522,50.206,100.23,8.39,0,False,,763.0
1594,54,0.004614013712853193,165.41,46.655,95.14,8.62,0,False,,763.0
1595,54,0.00451331352815032,168.089,48.616,97.78,8.49,0,False,,763.0
1596,55,0.004429289139807224,170.173,50.543,99.87,8.41,0,False,,763.0
1597,55,0.004402274265885353,171.067,50.99,100.78,8.44,0,False,,763.0
1598,55,0.004539885558187962,168.111,47.417,97.82,8.47,0,False,,763.0
1599,55,0.00454765185713768,167.605,47.535,97.32,8.47,0,False,,763.0
1600,55,0.004254199098795652,176.21,53.502,105.95,8.19,0,False,,763.0
1601,55,0.004342970438301563,172.803,52.231,102.47,8.34,0,False,,763.0
1602,55,0.004564977716654539,166.927,47.393,96.61,8.52,0,False,,763.0
1603,55,0.004574516322463751,167.039,46.875,96.75,8.51,0,False,,763.0
1604,55,0.004567844793200493,166.701,47.473,96.41,8.58,0,False,,763.0
1605,55,0.004613017663359642,165.678,46.455,95.39,8.6,0,False,,763.0
1606,55,0.004606302827596664,165.675,46.744,95.41,8.62,0,False,,763.0
1607,55,0.004613818135112524,165.405,46.668,95.14,8.6,0,False,,763.0
1608,55,0.004652416333556175,164.803,45.581,94.52,8.67,0,False,,763.0
1609,55,0.004518803674727678,167.941,48.506,97.64,8.48,0,False,,763.0
1610,55,0.004575593862682581,167.122,46.754,96.86,8.51,0,False,,763.0
1611,55,0.004549894481897354,167.349,47.67,97.05,8.55,0,False,,763.0
1612,55,0.004550263751298189,166.921,48.042,96.65,8.53,0,False,,763.0
1613,55,0.004504419397562742,168.083,49.02,97.8,8.54,0,False,,763.0
1614,55,0.004530857317149639,168.004,47.913,97.73,8.47,0,False,,763.0
1615,55,0.0045990063808858395,166.44,46.362,96.18,8.6,0,False,,763.0
1616,55,0.004555631894618273,166.988,47.746,96.73,8.56,0,False,,763.0
1617,55,0.004480584058910608,168.887,49.362,98.6,8.46,0,False,,763.0
1618,55,0.004661620128899813,164.318,45.636,94.07,8.67,0,False,,763.0
1619,55,0.004659914877265692,164.557,45.49,94.28,8.7,0,False,,763.0
1620,55,0.004497550427913666,168.354,49.081,98.07,8.47,0,False,,763.0
1621,55,0.004551604390144348,167.107,47.814,96.82,8.59,0,False,,763.0
1622,55,0.0046083200722932816,166.207,46.174,95.93,8.6,0,False,,763.0
1623,55,0.004548259079456329,167.755,47.372,97.49,8.53,0,False,,763.0
1624,55,0.0044863480143249035,169.174,48.84,98.89,8.49,0,False,,763.0
1625,56,0.004426092840731144,170.835,50.089,100.58,8.42,0,False,,763.0
1626,56,0.004578903317451477,166.611,47.075,96.33,8.58,0,False,,763.0
1627,56,0.00455466890707612,167.0,47.777,96.7,8.53,0,False,,763.0
1628,56,0.0044972640462219715,168.515,48.948,98.24,8.54,0,False,,763.0
1629,56,0.004591578152030706,166.166,46.931,95.86,8.61,0,False,,763.0
1630,56,0.004692554473876953,163.683,44.928,93.4,8.71,0,False,,763.0
1631,56,0.004545032046735287,167.261,47.963,96.96,8.56,0,False,,763.0
1632,56,0.00463163573294878,165.396,45.919,95.13,8.63,0,False,,763.0
1633,56,0.004640763625502586,164.942,45.945,94.64,8.65,0,False,,763.0
1634,56,0.004571537021547556,166.494,47.501,96.21,8.57,0,False,,763.0
1635,56,0.004577812273055315,166.566,47.163,96.27,8.59,0,False,,763.0
1636,56,0.004269291181117296,175.235,53.633,104.95,8.25,0,False,,763.0
1637,56,0.004513743333518505,167.767,48.89,97.47,8.52,0,False,,763.0
1638,56,0.004638715647161007,164.885,46.084,94.6,8.67,0,False,,763.0
1639,56,0.004589562304317951,166.161,47.022,95.89,8.61,0,False,,763.0
1640,56,0.004668091423809528,164.409,45.283,94.16,8.66,0,False,,763.0
1641,56,0.004619457758963108,165.384,46.447,95.1,8.62,0,False,,763.0
1642,56,0.004624579101800919,165.532,46.094,95.26,8.64,0,False,,763.0
1643,56,0.004602440632879734,166.145,46.482,95.84,8.61,0,False,,763.0
1644,56,0.004637866280972958,165.211,45.823,94.88,8.62,0,False,,763.0
1645,56,0.0045152874663472176,168.25,48.381,97.94,8.52,0,False,,763.0
1646,56,0.004646121524274349,164.616,46.016,94.36,8.65,0,False,,763.0
1647,56,0.0046066585928201675,165.626,46.773,95.32,8.62,0,False,,763.0
1648,56,0.004567839205265045,167.722,46.545,97.45,8.54,0,False,,763.0
1649,56,0.004503451753407717,168.341,48.828,98.01,8.47,0,False,,763.0
1650,56,0.004685517400503159,163.942,44.983,93.66,8.67,0,False,,763.0
1651,56,0.004181701689958572,178.448,55.172,108.16,8.17,0,False,,763.0
1652,56,0.0045212940312922,167.718,48.598,97.44,8.55,0,False,,763.0
1653,56,0.004598915111273527,165.777,46.969,95.51,8.63,0,False,,763.0
1654,57,0.0040962593629956245,179.675,58.591,109.38,8.22,0,False,,763.0
1655,57,0.004635673947632313,165.186,45.938,94.87,8.63,0,False,,763.0
1656,57,0.004639203194528818,164.91,46.041,94.6,8.66,0,False,,763.0
1657,57,0.004702645353972912,163.455,44.72,93.16,8.68,0,False,,763.0
1658,57,0.00454824510961771,167.028,48.034,96.76,8.56,0,False,,763.0
1659,57,0.004515289794653654,168.396,48.249,98.14,8.45,0,False,,763.0
1660,57,0.004657540004700422,165.121,45.077,94.86,8.62,0,False,,763.0
1661,57,0.004315613303333521,173.619,52.817,103.31,8.29,0,False,,763.0
1662,57,0.004607034381479025,165.4,46.963,95.15,8.62,0,False,,763.0
1663,57,0.004574979655444622,166.237,47.585,95.98,8.59,0,False,,763.0
1664,57,0.004601263906806707,165.95,46.71,95.64,8.64,0,False,,763.0
1665,57,0.004637626931071281,165.085,45.948,94.81,8.68,0,False,,763.0
1666,57,0.004616766236722469,165.78,46.202,95.48,8.6,0,False,,763.0
1667,57,0.004532754886895418,167.602,48.195,97.34,8.53,0,False,,763.0
1668,57,0.00430930033326149,173.929,52.843,103.63,8.36,0,False,,763.0
1669,57,0.004575292579829693,167.021,46.858,96.71,8.52,0,False,,763.0
1670,57,0.0046846517361700535,163.98,44.984,93.69,8.66,0,False,,763.0
1671,57,0.004594829864799976,166.151,46.805,95.88,8.59,0,False,,763.0
1672,57,0.004660688806325197,164.553,45.461,94.28,8.63,0,False,,763.0
1673,57,0.004556790925562382,167.071,47.62,96.82,8.54,0,False,,763.0
1674,57,0.004470251500606537,168.904,49.815,98.63,8.48,0,False,,763.0
1675,57,0.004334921948611736,173.257,52.207,103.0,8.33,0,False,,763.0
1676,57,0.004557936452329159,166.945,47.684,96.63,8.55,0,False,,763.0
1677,57,0.004325749818235636,173.916,52.052,103.61,8.33,0,False,,763.0
1678,57,0.004518883768469095,168.326,48.152,98.04,8.48,0,False,,763.0
1679,57,0.004449449013918638,169.359,50.353,99.12,8.48,0,False,,763.0
1680,57,0.004559454042464495,167.098,47.478,96.84,8.55,0,False,,763.0
1681,57,0.004606013651937246,165.668,46.763,95.39,8.6,0,False,,763.0
1682,57,0.0044370549730956554,170.016,50.326,99.73,8.47,0,False,,763.0
1683,58,0.0047143264673650265,163.043,44.615,92.75,8.72,0,False,,763.0
1684,58,0.00422537699341774,177.13,54.123,106.86,8.17,0,False,,763.0
1685,58,0.004619589075446129,165.489,46.346,95.2,8.61,0,False,,763.0
1686,58,0.004560432396829128,167.324,47.231,97.02,8.5,0,False,,763.0
1687,58,0.00450847577303648,168.105,48.818,97.81,8.47,0,False,,763.0
1688,58,0.004518033005297184,167.953,48.529,97.65,8.54,0,False,,763.0
1689,58,0.004469013307243586,169.149,49.649,98.84,8.47,0,False,,763.0
1690,58,0.004629424773156643,164.754,46.596,94.46,8.66,0,False,,763.0
1691,58,0.004669525194913149,164.144,45.464,93.87,8.68,0,False,,763.0
1692,58,0.004644568543881178,164.92,45.805,94.62,8.59,0,False,,763.0
1693,58,0.004341685213148594,172.713,52.375,102.44,8.32,0,False,,763.0
1694,58,0.004431349691003561,170.43,50.214,100.17,8.43,0,False,,763.0
1695,58,0.004693550523370504,163.659,44.908,93.39,8.66,0,False,,763.0
1696,58,0.004477215930819511,169.486,48.97,99.21,8.45,0,False,,763.0
1697,58,0.00461214454844594,165.772,46.406,95.44,8.61,0,False,,763.0
1698,58,0.004652030300348997,164.899,45.51,94.64,8.61,0,False,,763.0
1699,58,0.0045651961117982864,166.512,47.76,96.23,8.61,0,False,,763.0
1700,58,0.004248237237334251,176.645,53.406,106.34,8.23,0,False,,763.0
1701,58,0.0043350448831915855,172.688,52.718,102.42,8.39,0,False,,763.0
1702,58,0.004550477955490351,166.535,48.384,96.24,8.63,0,False,,763.0
1703,58,0.004709887783974409,163.221,44.634,92.93,8.7,0,False,,763.0
1704,58,0.004560497589409351,166.505,47.972,96.23,8.55,0,False,,763.0
1705,58,0.004620129242539406,165.035,46.735,94.74,8.64,0,False,,763.0
1706,58,0.00445637758821249,169.436,49.965,99.14,8.5,0,False,,763.0
1707,58,0.004515308421105146,168.174,48.45,97.89,8.5,0,False,,763.0
1708,58,0.004527416080236435,167.696,48.346,97.43,8.55,0,False,,763.0
1709,58,0.004244732670485973,175.898,54.262,105.64,8.2,0,False,,763.0
1710,58,0.004546678625047207,167.913,47.298,97.62,8.5,0,False,,763.0
1711,58,0.0045225052163004875,167.864,48.412,97.58,8.46,0,False,,763.0
1712,59,0.0046160039491951466,165.422,46.56,95.13,8.6,0,False,,763.0
1713,59,0.004620358347892761,165.561,46.248,95.29,8.62,0,False,,763.0
1714,59,0.004675941076129675,164.185,45.16,93.91,8.68,0,False,,763.0
1715,59,0.004566729534417391,166.786,47.444,96.47,8.57,0,False,,763.0
1716,59,0.003504784544929862,200.404,77.201,130.16,7.93,0,False,,763.0
1717,59,0.004630343522876501,165.499,45.879,95.2,8.58,0,False,,763.0
1718,59,0.0044405050575733185,170.599,49.637,100.32,8.42,0,False,,763.0
1719,59,0.0046510156244039536,164.689,45.743,94.4,8.67,0,False,,763.0
1720,59,0.004402155056595802,171.813,50.317,101.52,8.37,0,False,,763.0
1721,59,0.004321969114243984,173.782,52.358,103.5,8.28,0,False,,763.0
1722,59,0.004687926732003689,163.612,45.183,93.26,8.7,0,False,,763.0
1723,59,0.004490446299314499,168.959,48.851,98.7,8.46,0,False,,763.0
1724,59,0.004702486097812653,163.267,44.896,92.97,8.69,0,False,,763.0
1725,59,0.004532525781542063,167.346,48.438,97.09,8.57,0,False,,763.0
1726,59,0.004636513534933329,164.611,46.426,94.3,8.63,0,False,,763.0
1727,59,0.004625077825039625,165.246,46.333,94.93,8.61,0,False,,763.0
1728,59,0.00438392348587513,171.794,51.193,101.5,8.36,0,False,,763.0
1729,59,0.0047218031249940395,163.029,44.322,92.77,8.69,0,False,,763.0
1730,59,0.004525222349911928,167.692,48.447,97.42,8.53,0,False,,763.0
1731,59,0.004655300639569759,164.434,45.796,94.17,8.68,0,False,,763.0
1732,59,0.004393048118799925,171.847,50.714,101.56,8.37,0,False,,763.0
1733,59,0.004640388302505016,165.013,45.896,94.73,8.6,0,False,,763.0
1734,59,0.004301188979297876,174.152,53.038,103.89,8.26,0,False,,763.0
1735,59,0.004601041786372662,165.802,46.855,95.46,8.57,0,False,,763.0
1736,59,0.00465451879426837,164.506,45.763,94.21,8.62,0,False,,763.0
1737,59,0.004635310731828213,164.685,46.409,94.44,8.64,0,False,,763.0
1738,59,0.0041902861557900906,178.33,54.834,108.07,8.17,0,False,,763.0
1739,59,0.0046932329423725605,163.702,44.882,93.42,8.66,0,False,,763.0
1740,59,0.004556749947369099,167.224,47.482,96.95,8.53,0,False,,763.0
1741,60,0.004432451445609331,170.832,49.797,100.55,8.39,0,False,,763.0
1742,60,0.004451416898518801,170.107,49.582,99.81,8.44,0,False,,763.0
1743,60,0.004569937475025654,166.478,47.585,96.22,8.57,0,False,,763.0
1744,60,0.004691879265010357,163.895,44.763,93.62,8.68,0,False,,763.0
1745,60,0.00443388894200325,170.338,50.18,100.08,8.36,0,False,,763.0
1746,60,0.004626648034900427,165.476,46.058,95.19,8.63,0,False,,763.0
1747,60,0.004633082076907158,164.988,46.228,94.72,8.62,0,False,,763.0
1748,60,0.004378203302621841,172.562,50.765,102.25,8.35,0,False,,763.0
1749,60,0.00457772146910429,166.537,47.193,96.24,8.5,0,False,,763.0
1750,60,0.004632533527910709,165.497,45.789,95.2,8.62,0,False,,763.0
1751,60,0.004683110397309065,163.826,45.189,93.56,8.69,0,False,,763.0
1752,60,0.004605554975569248,166.072,46.415,95.8,8.58,0,False,,763.0
1753,60,0.004437961149960756,170.245,50.076,99.98,8.43,0,False,,763.0
1754,60,0.0046507916413247585,164.644,45.794,94.37,8.66,0,False,,763.0
1755,60,0.004579881206154823,166.342,47.277,96.05,8.57,0,False,,763.0
1756,60,0.004349585622549057,173.249,51.507,102.96,8.32,0,False,,763.0
1757,60,0.004510095808655024,168.296,48.571,98.01,8.5,0,False,,763.0
1758,60,0.004571422003209591,166.727,47.294,96.45,8.55,0,False,,763.0
1759,60,0.004625385627150536,165.174,46.385,94.93,8.6,0,False,,763.0
1760,60,0.004424829967319965,170.493,50.459,100.21,8.41,0,False,,763.0
1761,60,0.004480652045458555,169.512,48.79,99.23,8.42,0,False,,763.0
1762,60,0.0045903571881353855,166.221,46.933,95.94,8.57,0,False,,763.0
1763,60,0.004675998818129301,164.038,45.291,93.76,8.68,0,False,,763.0
1764,60,0.004655107390135527,164.662,45.596,94.36,8.65,0,False,,763.0
1765,60,0.004635384306311607,165.512,45.654,95.23,8.59,0,False,,763.0
1766,60,0.004345641937106848,172.691,52.204,102.42,8.3,0,False,,763.0
1767,60,0.004329313524067402,173.397,52.351,103.12,8.29,0,False,,763.0
1768,60,0.004561899229884148,166.904,47.548,96.63,8.53,0,False,,763.0
1769,60,0.004639507737010717,164.921,46.017,94.62,8.66,0,False,,763.0
1770,61,0.004611213691532612,165.969,46.267,95.68,8.58,0,False,,763.0
1771,61,0.004579886794090271,166.359,47.261,96.06,8.53,0,False,,763.0
1772,61,0.004435801412910223,171.282,49.233,100.98,8.39,0,False,,763.0
1773,61,0.00453731557354331,167.858,47.76,97.57,8.51,0,False,,763.0
1774,61,0.004480681382119656,169.368,48.92,99.1,8.47,0,False,,763.0
1775,61,0.004504243843257427,168.529,48.621,98.25,8.48,0,False,,763.0
1776,61,0.004482078831642866,169.329,48.893,99.07,8.47,0,False,,763.0
1777,61,0.00437213433906436,172.578,51.039,102.3,8.31,0,False,,763.0
1778,61,0.004480886738747358,168.807,49.421,98.52,8.56,0,False,,763.0
1779,61,0.004566570743918419,166.883,47.363,96.6,8.58,0,False,,763.0
1780,61,0.004693071357905865,163.413,45.152,93.12,8.7,0,False,,763.0
1781,61,0.004637158941477537,165.185,45.877,94.9,8.6,0,False,,763.0
1782,61,0.0045576076954603195,166.714,47.908,96.46,8.59,0,False,,763.0
1783,61,0.0046034157276153564,166.13,46.455,95.88,8.56,0,False,,763.0
1784,61,0.004672914743423462,164.227,45.248,93.98,8.62,0,False,,763.0
1785,61,0.004437161143869162,170.156,50.194,99.86,8.47,0,False,,763.0
1786,61,0.004550806246697903,167.342,47.636,97.05,8.56,0,False,,763.0
1787,61,0.0047041792422533035,163.269,44.826,92.98,8.7,0,False,,763.0
1788,61,0.004476651549339294,168.873,49.553,98.55,8.53,0,False,,763.0
1789,61,0.004605752415955067,165.459,46.965,95.17,8.61,0,False,,763.0
1790,61,0.004689408466219902,163.666,45.073,93.38,8.69,0,False,,763.0
1791,61,0.004657147452235222,164.392,45.756,94.1,8.62,0,False,,763.0
1792,61,0.004699910990893841,163.472,44.817,93.19,8.69,0,False,,763.0
1793,61,0.00466042710468173,164.418,45.595,94.16,8.68,0,False,,763.0
1794,61,0.004655130207538605,164.283,45.94,94.04,8.69,0,False,,763.0
1795,61,0.004641576670110226,165.147,45.725,94.87,8.59,0,False,,763.0
1796,61,0.004620162770152092,165.7,46.13,95.44,8.57,0,False,,763.0
1797,61,0.004490718245506287,168.474,49.279,98.19,8.52,0,False,,763.0
1798,61,0.004624620545655489,165.393,46.219,95.12,8.65,0,False,,763.0
1799,62,0.004586149472743273,166.558,46.809,96.32,8.55,0,False,,763.0
1800,62,0.004585722461342812,166.427,46.946,96.14,8.58,0,False,,763.0
1801,62,0.004490475170314312,169.478,48.377,99.19,8.46,0,False,,763.0
1802,62,0.004705107770860195,163.63,44.459,93.34,8.68,0,False,,763.0
1803,62,0.004654772114008665,164.651,45.62,94.35,8.67,0,False,,763.0
1804,62,0.004500519018620253,168.869,48.48,98.58,8.48,0,False,,763.0
1805,62,0.00469592772424221,163.7,44.773,93.43,8.67,0,False,,763.0
1806,62,0.0046823229640722275,164.0,45.063,93.71,8.68,0,False,,763.0
1807,62,0.0047024888917803764,163.543,44.646,93.23,8.68,0,False,,763.0
1808,62,0.004605001769959927,165.725,46.755,95.47,8.61,0,False,,763.0
1809,62,0.004706250503659248,163.383,44.637,93.08,8.72,0,False,,763.0
1810,62,0.004633627831935883,165.17,46.039,94.91,8.66,0,False,,763.0
1811,62,0.00457643112167716,166.685,47.114,96.4,8.55,0,False,,763.0
1812,62,0.004202279727905989,177.039,55.388,106.8,8.2,0,False,,763.0
1813,62,0.0046628620475530624,164.212,45.68,93.94,8.66,0,False,,763.0
1814,62,0.004617221187800169,166.008,45.975,95.75,8.55,0,False,,763.0
1815,62,0.004650797229260206,164.834,45.621,94.54,8.62,0,False,,763.0
1816,62,0.004721286240965128,163.013,44.358,92.71,8.72,0,False,,763.0
1817,62,0.004619840998202562,165.391,46.425,95.11,8.6,0,False,,763.0
1818,62,0.004606036003679037,165.65,46.779,95.34,8.62,0,False,,763.0
1819,62,0.0046060276217758656,165.848,46.599,95.58,8.56,0,False,,763.0
1820,62,0.004092120565474033,180.579,57.993,110.29,8.08,0,False,,763.0
1821,62,0.004627013113349676,165.084,46.398,94.84,8.6,0,False,,763.0
1822,62,0.004671953152865171,164.031,45.465,93.76,8.66,0,False,,763.0
1823,62,0.0046419319696724415,164.98,45.861,94.7,8.58,0,False,,763.0
1824,62,0.00452906358987093,168.658,47.398,98.39,8.5,0,False,,763.0
1825,62,0.004680562298744917,164.191,44.962,93.89,8.64,0,False,,763.0
1826,62,0.004571227356791496,166.678,47.347,96.4,8.54,0,False,,763.0
1827,62,0.004633082076907158,165.291,45.953,94.98,8.61,0,False,,763.0
1828,63,0.004497611429542303,168.326,49.104,98.03,8.51,0,False,,763.0
1829,63,0.0044431681744754314,170.421,49.676,100.12,8.46,0,False,,763.0
1830,63,0.004605143330991268,165.95,46.544,95.69,8.63,0,False,,763.0
1831,63,0.004570586606860161,166.573,47.471,96.27,8.56,0,False,,763.0
1832,63,0.004732766188681126,162.6,44.266,92.3,8.72,0,False,,763.0
1833,63,0.004676623735576868,164.18,45.136,93.92,8.67,0,False,,763.0
1834,63,0.0045186192728579044,167.706,48.727,97.44,8.53,0,False,,763.0
1835,63,0.004458239302039146,169.955,49.408,99.67,8.49,0,False,,763.0
1836,63,0.004667389206588268,164.461,45.265,94.18,8.65,0,False,,763.0
1837,63,0.004566669464111328,166.873,47.368,96.6,8.54,0,False,,763.0
1838,63,0.004609383177012205,165.972,46.342,95.66,8.6,0,False,,763.0
1839,63,0.004651570692658424,165.148,45.303,94.85,8.64,0,False,,763.0
1840,63,0.0046707745641469955,164.284,45.284,94.0,8.68,0,False,,763.0
1841,63,0.004656433593481779,164.913,45.312,94.64,8.61,0,False,,763.0
1842,63,0.004677799064666033,164.198,45.071,93.9,8.68,0,False,,763.0
1843,63,0.004612041171640158,165.55,46.612,95.27,8.6,0,False,,763.0
1844,63,0.004498995840549469,168.52,48.865,98.22,8.49,0,False,,763.0
1845,63,0.004572711884975433,166.84,47.135,96.56,8.57,0,False,,763.0
1846,63,0.004692398943006992,163.742,44.881,93.42,8.69,0,False,,763.0
1847,63,0.004623583983629942,165.701,45.983,95.41,8.58,0,False,,763.0
1848,63,0.004704915918409824,163.558,44.532,93.28,8.68,0,False,,763.0
1849,63,0.004716855473816395,163.489,44.106,93.24,8.66,0,False,,763.0
1850,63,0.004696647636592388,163.579,44.853,93.31,8.66,0,False,,763.0
1851,63,0.004575920756906271,167.292,46.585,97.0,8.53,0,False,,763.0
1852,63,0.004648182075470686,164.662,45.887,94.38,8.66,0,False,,763.0
1853,63,0.004542150534689426,167.638,47.747,97.36,8.52,0,False,,763.0
1854,63,0.004632150754332542,165.218,46.059,94.97,8.6,0,False,,763.0
1855,63,0.004651735536754131,164.633,45.764,94.36,8.64,0,False,,763.0
1856,63,0.004675476811826229,163.713,45.608,93.44,8.68,0,False,,763.0
1857,64,0.00446869432926178,169.768,49.101,99.47,8.42,0,False,,763.0
1858,64,0.004676007200032473,164.172,45.169,93.87,8.61,0,False,,763.0
1859,64,0.004409077111631632,171.486,50.29,101.22,8.4,0,False,,763.0
1860,64,0.004608058370649815,165.478,46.848,95.21,8.56,0,False,,763.0
1861,64,0.004648751113563776,164.55,45.965,94.28,8.63,0,False,,763.0
1862,64,0.004698148928582668,163.438,44.92,93.16,8.66,0,False,,763.0
1863,64,0.004635845776647329,165.093,46.016,94.8,8.64,0,False,,763.0
1864,64,0.004618884529918432,165.793,46.1,95.52,8.59,0,False,,763.0
1865,64,0.004641774110496044,164.849,45.987,94.61,8.65,0,False,,763.0
1866,64,0.004690169356763363,163.666,45.042,93.38,8.71,0,False,,763.0
1867,64,0.004676565993577242,164.312,45.018,94.05,8.63,0,False,,763.0
1868,64,0.0046440004371106625,164.685,46.042,94.39,8.66,0,False,,763.0
1869,64,0.004401713144034147,171.858,50.296,101.6,8.34,0,False,,763.0
1870,64,0.004591009113937616,166.574,46.585,96.3,8.54,0,False,,763.0
1871,64,0.004344788379967213,172.729,52.211,102.47,8.3,0,False,,763.0
1872,64,0.0043710325844585896,172.434,51.223,102.14,8.32,0,False,,763.0
1873,64,0.004587757401168346,166.616,46.687,96.32,8.55,0,False,,763.0
1874,64,0.004683168139308691,163.967,45.058,93.71,8.64,0,False,,763.0
1875,64,0.0047276983968913555,162.83,44.263,92.5,8.7,0,False,,763.0
1876,64,0.00467988196760416,163.708,45.43,93.45,8.7,0,False,,763.0
1877,64,0.004754163324832916,162.062,43.891,91.78,8.72,0,False,,763.0
1878,64,0.004582714755088091,166.495,47.014,96.2,8.56,0,False,,763.0
1879,64,0.0046110572293400764,165.578,46.629,95.25,8.59,0,False,,763.0
1880,64,0.004607270937412977,165.583,46.786,95.31,8.6,0,False,,763.0
1881,64,0.0046392204239964485,165.018,45.941,94.73,8.6,0,False,,763.0
1882,64,0.004592142067849636,166.463,46.637,96.17,8.5,0,False,,763.0
1883,64,0.004612169694155455,165.87,46.316,95.57,8.57,0,False,,763.0
1884,64,0.004702367354184389,163.387,44.793,93.1,8.69,0,False,,763.0
1885,64,0.0047193909995257854,162.898,44.54,92.65,8.69,0,False,,763.0
1886,65,0.004703381564468145,163.384,44.754,93.1,8.64,0,False,,763.0
1887,65,0.004732208326458931,162.64,44.253,92.38,8.73,0,False,,763.0
1888,65,0.0046653710305690765,164.342,45.457,94.07,8.66,0,False,,763.0
1889,65,0.004439058713614941,169.865,50.371,99.57,8.47,0,False,,763.0
1890,65,0.004693463910371065,163.49,45.066,93.18,8.67,0,False,,763.0
1891,65,0.004354349337518215,172.765,51.718,102.5,8.36,0,False,,763.0
1892,65,0.0046888720244169235,163.826,44.95,93.57,8.67,0,False,,763.0
1893,65,0.004659066908061504,164.354,45.71,94.08,8.64,0,False,,763.0
1894,65,0.004263903945684433,175.187,53.945,104.92,8.29,0,False,,763.0
1895,65,0.004696055315434933,163.657,44.807,93.36,8.68,0,False,,763.0
1896,65,0.00459603127092123,166.128,46.773,95.86,8.53,0,False,,763.0
1897,65,0.004503616597503424,168.509,48.668,98.21,8.45,0,False,,763.0
1898,65,0.004760553129017353,161.799,43.873,91.53,8.77,0,False,,763.0
1899,65,0.00462330412119627,165.729,45.97,95.45,8.58,0,False,,763.0
1900,65,0.0047523630782961845,162.058,43.967,91.78,8.77,0,False,,763.0
1901,65,0.004704069346189499,163.723,44.417,93.44,8.64,0,False,,763.0
1902,65,0.004365153145045042,172.553,51.394,102.28,8.32,0,False,,763.0
1903,65,0.004709248431026936,163.25,44.634,93.0,8.67,0,False,,763.0
1904,65,0.004729554057121277,162.607,44.391,92.34,8.73,0,False,,763.0
1905,65,0.0046635521575808525,164.256,45.612,93.97,8.65,0,False,,763.0
1906,65,0.0045925346203148365,166.159,46.896,95.87,8.52,0,False,,763.0
1907,65,0.00467365887016058,163.962,45.457,93.68,8.68,0,False,,763.0
1908,65,0.004590459167957306,166.256,46.898,95.99,8.54,0,False,,763.0
1909,65,0.004648873116821051,164.549,45.961,94.3,8.63,0,False,,763.0
1910,65,0.00466458685696125,164.342,45.49,94.06,8.67,0,False,,763.0
1911,65,0.00460044015198946,165.359,47.283,95.11,8.62,0,False,,763.0
1912,65,0.004547147545963526,167.045,48.067,96.74,8.53,0,False,,763.0
1913,65,0.00439442228525877,171.837,50.658,101.52,8.32,0,False,,763.0
1914,65,0.0046630133874714375,164.57,45.349,94.32,8.59,0,False,,763.0
1915,66,0.004651137161999941,164.89,45.556,94.63,8.61,0,False,,763.0
1916,66,0.00461244024336338,165.94,46.241,95.65,8.57,0,False,,763.0
1917,66,0.004595098551362753,165.946,46.979,95.64,8.61,0,False,,763.0
1918,66,0.004728419706225395,162.691,44.36,92.42,8.72,0,False,,763.0
1919,66,0.004636899568140507,164.906,46.142,94.61,8.62,0,False,,763.0
1920,66,0.0022009408567100763,281.395,157.233,211.15,7.82,0,False,,763.0
1921,66,0.004544366151094437,166.924,48.299,96.66,8.59,0,False,,763.0
1922,66,0.004492585081607103,168.996,48.721,98.7,8.45,0,False,,763.0
1923,66,0.004741722252219915,162.482,44.01,92.21,8.77,0,False,,763.0
1924,66,0.00462266243994236,165.414,46.283,95.12,8.6,0,False,,763.0
1925,66,0.004543359857052565,166.754,48.498,96.49,8.57,0,False,,763.0
1926,66,0.004526902921497822,167.72,48.347,97.46,8.52,0,False,,763.0
1927,66,0.004441562574356794,171.207,49.035,100.92,8.35,0,False,,763.0
1928,66,0.004607243463397026,165.642,46.734,95.36,8.56,0,False,,763.0
1929,66,0.004637334030121565,165.035,46.005,94.77,8.6,0,False,,763.0
1930,66,0.004674428608268499,164.185,45.223,93.91,8.66,0,False,,763.0
1931,66,0.00465174438431859,164.752,45.655,94.44,8.59,0,False,,763.0
1932,66,0.004645193926990032,165.368,45.371,95.08,8.63,0,False,,763.0
1933,66,0.004677087999880314,163.758,45.501,93.5,8.7,0,False,,763.0
1934,66,0.00457766093313694,166.883,46.881,96.62,8.55,0,False,,763.0
1935,66,0.004706761799752712,163.383,44.616,93.1,8.66,0,False,,763.0
1936,66,0.004682823549956083,163.594,45.412,93.31,8.71,0,False,,763.0
1937,66,0.004573984071612358,166.482,47.405,96.22,8.57,0,False,,763.0
1938,66,0.004444493446499109,170.111,49.896,99.86,8.39,0,False,,763.0
1939,66,0.004690544214099646,163.836,44.872,93.56,8.64,0,False,,763.0
1940,66,0.0046544852666556835,164.447,45.818,94.19,8.61,0,False,,763.0
1941,66,0.004719066899269819,163.199,44.279,92.89,8.69,0,False,,763.0
1942,66,0.0047355154529213905,162.414,44.324,92.12,8.75,0,False,,763.0
1943,66,0.00465285312384367,164.443,45.89,94.17,8.64,0,False,,763.0
1944,67,0.00471277954056859,163.385,44.367,93.1,8.65,0,False,,763.0
1945,67,0.0046959565952420235,163.612,44.852,93.33,8.7,0,False,,763.0
1946,67,0.004688935354351997,163.624,45.131,93.34,8.68,0,False,,763.0
1947,67,0.004710388369858265,163.216,44.619,92.95,8.7,0,False,,763.0
1948,67,0.003682362847030163,194.624,69.946,124.33,7.93,0,False,,763.0
1949,67,0.0044407350942492485,170.355,49.848,100.1,8.45,0,False,,763.0
1950,67,0.004715109709650278,162.848,44.76,92.59,8.75,0,False,,763.0
1951,67,0.004654573276638985,164.646,45.633,94.39,8.61,0,False,,763.0
1952,67,0.004643926862627268,164.45,46.26,94.17,8.65,0,False,,763.0
1953,67,0.004611771088093519,165.769,46.425,95.51,8.59,0,False,,763.0
1954,67,0.004538667853921652,167.924,47.641,97.66,8.48,0,False,,763.0
1955,67,0.004602376837283373,166.029,46.591,95.78,8.59,0,False,,763.0
1956,67,0.0046950578689575195,163.637,44.866,93.34,8.72,0,False,,763.0
1957,67,0.004677681252360344,163.885,45.36,93.59,8.69,0,False,,763.0
1958,67,0.004446930717676878,170.004,49.882,99.76,8.38,0,False,,763.0
1959,67,0.00457335077226162,166.756,47.183,96.48,8.52,0,False,,763.0
1960,67,0.004535694606602192,167.647,48.024,97.35,8.52,0,False,,763.0
1961,67,0.004534729290753603,167.553,48.152,97.28,8.57,0,False,,763.0
1962,67,0.004684059415012598,163.595,45.359,93.35,8.71,0,False,,763.0
1963,67,0.00464528938755393,165.298,45.431,95.0,8.59,0,False,,763.0
1964,67,0.0046691251918673515,164.537,45.123,94.27,8.6,0,False,,763.0
1965,67,0.0046349139884114265,164.746,46.371,94.46,8.61,0,False,,763.0
1966,67,0.004593886435031891,166.223,46.78,95.97,8.59,0,False,,763.0
1967,67,0.004708585795015097,163.37,44.553,93.09,8.69,0,False,,763.0
1968,67,0.004670091439038515,164.533,45.087,94.23,8.61,0,False,,763.0
1969,67,0.004403346683830023,171.216,50.803,100.95,8.35,0,False,,763.0
1970,67,0.0036477369721978903,195.891,71.138,125.61,7.93,0,False,,763.0
1971,67,0.004576052073389292,166.577,47.229,96.3,8.5,0,False,,763.0
1972,67,0.004610753618180752,165.493,46.72,95.23,8.6,0,False,,763.0
1973,68,0.004480036906898022,169.206,49.097,98.95,8.49,0,False,,763.0
1974,68,0.004625448025763035,165.29,46.278,95.03,8.6,0,False,,763.0
1975,68,0.004574853461235762,166.321,47.514,96.02,8.54,0,False,,763.0
1976,68,0.004650632850825787,164.916,45.553,94.65,8.61,0,False,,763.0
1977,68,0.0042869457975029945,175.582,52.44,105.28,8.24,0,False,,763.0
1978,68,0.004476889967918396,169.237,49.211,98.91,8.51,0,False,,763.0
1979,68,0.004640241619199514,164.916,45.991,94.63,8.64,0,False,,763.0
1980,68,0.0046377284452319145,165.291,45.756,95.0,8.59,0,False,,763.0
1981,68,0.004574329126626253,166.186,47.659,95.91,8.6,0,False,,763.0
1982,68,0.0046789576299488544,164.122,45.092,93.85,8.67,0,False,,763.0
1983,68,0.00453477818518877,167.533,48.168,97.25,8.54,0,False,,763.0
1984,68,0.0046055191196501255,165.565,46.878,95.27,8.6,0,False,,763.0
1985,68,0.0046889097429811954,163.266,45.457,92.97,8.74,0,False,,763.0
1986,68,0.004658122546970844,164.596,45.529,94.33,8.65,0,False,,763.0
1987,68,0.004419834353029728,171.067,50.169,100.78,8.33,0,False,,763.0
1988,68,0.004596252925693989,166.349,46.564,96.1,8.53,0,False,,763.0
1989,68,0.004575511906296015,166.477,47.343,96.23,8.56,0,False,,763.0
1990,68,0.004553630948066711,167.062,47.767,96.78,8.56,0,False,,763.0
1991,68,0.0045500947162508965,168.21,46.878,97.94,8.56,0,False,,763.0
1992,68,0.004765212070196867,161.849,43.641,91.59,8.78,0,False,,763.0
1993,68,0.004208914469927549,176.451,55.582,106.15,8.17,0,False,,763.0
1994,68,0.004684096667915583,163.929,45.054,93.67,8.65,0,False,,763.0
1995,68,0.004616522695869207,165.262,46.683,95.01,8.63,0,False,,763.0
1996,68,0.004722449462860823,162.569,44.714,92.31,8.76,0,False,,763.0
1997,68,0.0047380621545016766,162.828,43.844,92.52,8.7,0,False,,763.0
1998,68,0.004718521144241095,162.997,44.485,92.71,8.7,0,False,,763.0
1999,68,0.004549088887870312,167.377,47.679,97.1,8.49,0,False,,763.0
2000,68,0.004430932924151421,170.059,50.57,99.79,8.46,0,False,,763.0
2001,68,0.0044432771392166615,170.649,49.464,100.37,8.39,0,False,,763.0
2002,69,0.004384594038128853,171.898,51.067,101.62,8.4,0,False,,763.0
2003,69,0.004718967713415623,163.01,44.455,92.75,8.69,0,False,,763.0
2004,69,0.004548714496195316,167.413,47.663,97.14,8.53,0,False,,763.0
2005,69,0.004489986691623926,168.558,49.236,98.29,8.49,0,False,,763.0
2006,69,0.004696751479059458,163.526,44.898,93.23,8.68,0,False,,763.0
2007,69,0.0047222827561199665,162.97,44.356,92.67,8.69,0,False,,763.0
2008,69,0.004660956561565399,164.662,45.351,94.39,8.6,0,False,,763.0
2009,69,0.00471110362559557,163.063,44.729,92.78,8.72,0,False,,763.0
2010,69,0.004581242799758911,166.227,47.322,95.95,8.58,0,False,,763.0
2011,69,0.0046278187073767185,165.388,46.088,95.08,8.61,0,False,,763.0
2012,69,0.004664370324462652,164.315,45.524,94.07,8.65,0,False,,763.0
2013,69,0.004596166778355837,166.524,46.408,96.23,8.49,0,False,,763.0
2014,69,0.004429574590176344,170.463,50.266,100.17,8.37,0,False,,763.0
2015,69,0.004627287853509188,165.14,46.336,94.86,8.63,0,False,,763.0
2016,69,0.004545985721051693,167.001,48.157,96.73,8.55,0,False,,763.0
2017,69,0.004578007385134697,166.414,47.292,96.12,8.53,0,False,,763.0
2018,69,0.0046625202521681786,164.574,45.366,94.27,8.63,0,False,,763.0
2019,69,0.004726454149931669,162.547,44.571,92.26,8.71,0,False,,763.0
2020,69,0.004755289759486914,161.853,44.035,91.57,8.77,0,False,,763.0
2021,69,0.004652736708521843,164.216,46.101,93.96,8.69,0,False,,763.0
2022,69,0.004618249833583832,165.279,46.594,95.01,8.63,0,False,,763.0
2023,69,0.004655559081584215,164.726,45.519,94.46,8.6,0,False,,763.0
2024,69,0.004767453297972679,161.942,43.467,91.64,8.72,0,False,,763.0
2025,69,0.004609185736626387,165.461,46.815,95.18,8.62,0,False,,763.0
2026,69,0.0046427142806351185,164.565,46.206,94.27,8.62,0,False,,763.0
2027,69,0.004698414821177721,163.558,44.799,93.27,8.68,0,False,,763.0
2028,69,0.004520008340477943,167.651,48.716,97.36,8.54,0,False,,763.0
2029,69,0.004404701758176088,170.934,50.996,100.64,8.46,0,False,,763.0
2030,69,0.004581176210194826,165.965,47.564,95.7,8.57,0,False,,763.0
2031,70,0.004663437604904175,164.506,45.389,94.17,8.67,0,False,,763.0
2032,70,0.004502805881202221,169.623,47.692,99.33,8.4,0,False,,763.0
2033,70,0.004754163324832916,162.148,43.813,91.87,8.7,0,False,,763.0
2034,70,0.004429318010807037,170.461,50.279,100.21,8.45,0,False,,763.0
2035,70,0.0047731949016451836,161.856,43.316,91.56,8.77,0,False,,763.0
2036,70,0.0046606347896158695,164.225,45.761,93.93,8.65,0,False,,763.0
2037,70,0.004582560621201992,166.667,46.865,96.34,8.56,0,False,,763.0
2038,70,0.0045600999146699905,166.702,47.81,96.42,8.6,0,False,,763.0
2039,70,0.004350927192717791,172.92,51.742,102.64,8.29,0,False,,763.0
2040,70,0.0046595134772360325,164.444,45.609,94.15,8.61,0,False,,763.0
2041,70,0.004711444023996592,163.159,44.628,92.86,8.71,0,False,,763.0
2042,70,0.004598734900355339,166.211,46.582,95.93,8.59,0,False,,763.0
2043,70,0.004231155384331942,177.32,53.657,107.05,8.15,0,False,,763.0
2044,70,0.004736967850476503,162.615,44.083,92.35,8.72,0,False,,763.0
2045,70,0.0042608343064785,175.271,54.022,105.01,8.25,0,False,,763.0
2046,70,0.004758652299642563,161.782,43.965,91.52,8.78,0,False,,763.0
2047,70,0.004550580866634846,167.464,47.535,97.18,8.49,0,False,,763.0
2048,70,0.0046183085069060326,165.465,46.422,95.16,8.6,0,False,,763.0
2049,70,0.004712794441729784,163.262,44.478,93.0,8.68,0,False,,763.0
2050,70,0.004441937431693077,169.494,50.575,99.2,8.44,0,False,,763.0
2051,70,0.004607320763170719,165.664,46.71,95.39,8.58,0,False,,763.0
2052,70,0.00444223964586854,169.979,50.121,99.7,8.45,0,False,,763.0
2053,70,0.004717967007309198,162.734,44.747,92.45,8.76,0,False,,763.0
2054,70,0.004268418997526169,175.261,53.653,104.97,8.28,0,False,,763.0
2055,70,0.004750804044306278,162.29,43.819,92.02,8.76,0,False,,763.0
2056,70,0.004743098746985197,162.345,44.08,92.06,8.73,0,False,,763.0
2057,70,0.004705383442342281,163.121,44.911,92.84,8.67,0,False,,763.0
2058,70,0.004664946347475052,164.32,45.495,94.05,8.63,0,False,,763.0
2059,70,0.004553402308374643,166.793,48.021,96.49,8.55,0,False,,763.0
2060,71,0.004681489896029234,164.067,45.037,93.79,8.61,0,False,,763.0
2061,71,0.004789515398442745,161.239,43.228,90.96,8.75,0,False,,763.0
2062,71,0.004801196977496147,161.042,42.945,90.75,8.76,0,False,,763.0
2063,71,0.0047341519966721535,162.383,44.408,92.12,8.75,0,False,,763.0
2064,71,0.00465912651270628,164.511,45.565,94.25,8.63,0,False,,763.0
2065,71,0.004646373447030783,164.934,45.716,94.67,8.63,0,False,,763.0
2066,71,0.004716054070740938,163.071,44.519,92.8,8.7,0,False,,763.0
2067,71,0.004673526622354984,164.017,45.413,93.72,8.67,0,False,,763.0
2068,71,0.004662785679101944,164.105,45.781,93.81,8.67,0,False,,763.0
2069,71,0.004666218068450689,164.356,45.409,94.11,8.63,0,False,,763.0
2070,71,0.004683656617999077,163.743,45.241,93.47,8.67,0,False,,763.0
2071,71,0.004763694480061531,162.522,43.09,92.22,8.72,0,False,,763.0
2072,71,0.0045457519590854645,167.624,47.602,97.32,8.5,0,False,,763.0
2073,71,0.004664934705942869,164.661,45.186,94.39,8.6,0,False,,763.0
2074,71,0.004586427938193083,166.474,46.873,96.21,8.58,0,False,,763.0
2075,71,0.004757545422762632,162.029,43.785,91.75,8.73,0,False,,763.0
2076,71,0.004669965710490942,164.231,45.367,93.94,8.67,0,False,,763.0
2077,71,0.004599949344992638,166.237,46.506,95.97,8.6,0,False,,763.0
2078,71,0.00458091264590621,166.79,46.824,96.5,8.53,0,False,,763.0
2079,71,0.0046673547476530075,164.46,45.267,94.17,8.64,0,False,,763.0
2080,71,0.004710804205387831,163.418,44.418,93.13,8.67,0,False,,763.0
2081,71,0.004582984372973442,166.321,47.161,96.04,8.59,0,False,,763.0
2082,71,0.004744647070765495,162.773,43.628,92.51,8.72,0,False,,763.0
2083,71,0.004815609194338322,160.716,42.675,90.42,8.85,0,False,,763.0
2084,71,0.0047873277217149734,161.438,43.134,91.13,8.74,0,False,,763.0
2085,71,0.004783648066222668,161.547,43.181,91.26,8.74,0,False,,763.0
2086,71,0.004790098872035742,161.089,43.341,90.83,8.79,0,False,,763.0
2087,71,0.00466466648504138,164.321,45.506,94.05,8.63,0,False,,763.0
2088,71,0.004720740020275116,163.143,44.262,92.84,8.7,0,False,,763.0
2089,72,0.004496983252465725,169.155,48.379,98.88,8.45,0,False,,763.0
2090,72,0.004744885955005884,162.822,43.574,92.55,8.73,0,False,,763.0
2091,72,0.004720599856227636,162.993,44.404,92.72,8.68,0,False,,763.0
2092,72,0.004513686988502741,168.503,48.223,98.23,8.49,0,False,,763.0
2093,72,0.004736009519547224,162.764,43.986,92.49,8.72,0,False,,763.0
2094,72,0.004638619255274534,165.489,45.539,95.22,8.61,0,False,,763.0
2095,72,0.004470749292522669,169.975,48.819,99.69,8.42,0,False,,763.0
2096,72,0.00463112723082304,165.735,45.632,95.49,8.62,0,False,,763.0
2097,72,0.004675645846873522,163.588,45.714,93.28,8.74,0,False,,763.0
2098,72,0.004784218035638332,161.637,43.076,91.35,8.8,0,False,,763.0
2099,72,0.004600351210683584,165.952,46.748,95.66,8.56,0,False,,763.0
2100,72,0.004758201539516449,162.318,43.495,92.04,8.71,0,False,,763.0
2101,72,0.00458740396425128,166.535,46.776,96.26,8.53,0,False,,763.0
2102,72,0.004827580414712429,160.79,42.139,90.52,8.83,0,False,,763.0
2103,72,0.0047911666333675385,161.309,43.098,91.04,8.76,0,False,,763.0
2104,72,0.004682357423007488,163.799,45.244,93.53,8.68,0,False,,763.0
2105,72,0.004624550696462393,165.822,45.832,95.53,8.59,0,False,,763.0
2106,72,0.004500723443925381,169.229,48.143,98.95,8.43,0,False,,763.0
2107,72,0.0047187344171106815,163.439,44.075,93.19,8.67,0,False,,763.0
2108,72,0.004683447070419788,164.08,44.944,93.79,8.65,0,False,,763.0
2109,72,0.004704538732767105,163.258,44.82,92.98,8.73,0,False,,763.0
2110,72,0.004577971529215574,166.325,47.375,96.06,8.59,0,False,,763.0
2111,72,0.00473064137622714,162.646,44.311,92.37,8.66,0,False,,763.0
2112,72,0.004680837970227003,163.928,45.19,93.64,8.63,0,False,,763.0
2113,72,0.004576266743242741,167.241,46.616,96.99,8.54,0,False,,763.0
2114,72,0.004527545068413019,167.874,48.178,97.58,8.57,0,False,,763.0
2115,72,0.004743476398289204,162.022,44.358,91.79,8.76,0,False,,763.0
2116,72,0.004743437748402357,162.654,43.785,92.38,8.74,0,False,,763.0
2117,72,0.004622527863830328,165.553,46.163,95.28,8.64,0,False,,763.0
2118,73,0.004703436978161335,163.178,44.938,92.91,8.71,0,False,,763.0
2119,73,0.004639490973204374,165.519,45.474,95.23,8.62,0,False,,763.0
2120,73,0.004660577978938818,164.718,45.316,94.47,8.65,0,False,,763.0
2121,73,0.004653241951018572,164.666,45.671,94.38,8.66,0,False,,763.0
2122,73,0.00473606213927269,162.831,43.923,92.57,8.72,0,False,,763.0
2123,73,0.004768183920532465,161.961,43.421,91.69,8.79,0,False,,763.0
2124,73,0.004381854087114334,172.505,50.645,102.23,8.39,0,False,,763.0
2125,73,0.00470413314178586,163.349,44.755,93.06,8.7,0,False,,763.0
2126,73,0.004751075990498066,162.237,43.856,91.97,8.75,0,False,,763.0
2127,73,0.004652705509215593,165.773,44.687,95.5,8.54,0,False,,763.0
2128,73,0.0046037849970161915,166.578,46.031,96.28,8.59,0,False,,763.0
2129,73,0.0046937121078372,164.453,44.18,94.14,8.66,0,False,,763.0
2130,73,0.00466145807877183,164.071,45.868,93.82,8.71,0,False,,763.0
2131,73,0.00467971246689558,164.005,45.166,93.73,8.64,0,False,,763.0
2132,73,0.004721528850495815,162.963,44.393,92.67,8.71,0,False,,763.0
2133,73,0.00470670685172081,163.185,44.798,92.92,8.74,0,False,,763.0
2134,73,0.004718556068837643,163.071,44.417,92.79,8.75,0,False,,763.0
2135,73,0.004792336840182543,161.444,42.929,91.19,8.78,0,False,,763.0
2136,73,0.00470958324149251,163.257,44.615,92.96,8.7,0,False,,763.0
2137,73,0.004736312199383974,162.841,43.903,92.55,8.74,0,False,,763.0
2138,73,0.004689402412623167,163.533,45.194,93.27,8.7,0,False,,763.0
2139,73,0.004617420025169849,165.351,46.564,95.07,8.61,0,False,,763.0
2140,73,0.004707961343228817,163.837,44.153,93.55,8.69,0,False,,763.0
2141,73,0.004565381910651922,166.429,47.828,96.13,8.62,0,False,,763.0
2142,73,0.0045598354190588,167.21,47.36,96.9,8.54,0,False,,763.0
2143,73,0.00487925298511982,159.459,41.355,89.19,8.91,0,False,,763.0
2144,73,0.004702819511294365,163.375,44.785,93.14,8.7,0,False,,763.0
2145,73,0.004694630391895771,163.702,44.824,93.41,8.7,0,False,,763.0
2146,73,0.004703260026872158,163.488,44.664,93.21,8.68,0,False,,763.0
2147,74,0.0047546434216201305,162.202,43.744,91.91,8.74,0,False,,763.0
2148,74,0.004721309524029493,163.153,44.229,92.86,8.7,0,False,,763.0
2149,74,0.004641689360141754,164.954,45.895,94.68,8.64,0,False,,763.0
2150,74,0.004633723292499781,164.999,46.191,94.74,8.62,0,False,,763.0
2151,74,0.004575355444103479,167.08,46.802,96.79,8.53,0,False,,763.0
2152,74,0.004728225991129875,163.311,43.805,93.04,8.7,0,False,,763.0
2153,74,0.0047564636915922165,162.3,43.582,92.02,8.8,0,False,,763.0
2154,74,0.00485646678134799,160.136,41.613,89.84,8.88,0,False,,763.0
2155,74,0.0045581599697470665,166.418,48.153,96.16,8.58,0,False,,763.0
2156,74,0.0046599204652011395,164.862,45.212,94.57,8.65,0,False,,763.0
2157,74,0.004840731620788574,160.392,41.99,90.11,8.85,0,False,,763.0
2158,74,0.004750735592097044,162.721,43.43,92.45,8.73,0,False,,763.0
2159,74,0.004524417221546173,168.395,47.844,98.11,8.48,0,False,,763.0
2160,74,0.00464605912566185,165.02,45.651,94.73,8.64,0,False,,763.0
2161,74,0.004765339661389589,161.978,43.519,91.71,8.74,0,False,,763.0
2162,74,0.004692174028605223,163.495,45.114,93.22,8.67,0,False,,763.0
2163,74,0.004796874709427357,161.414,42.777,91.17,8.83,0,False,,763.0
2164,74,0.004355296492576599,172.861,51.586,102.6,8.34,0,False,,763.0
2165,74,0.004728106316179037,163.069,44.029,92.78,8.74,0,False,,763.0
2166,74,0.004791473504155874,161.76,42.676,91.48,8.78,0,False,,763.0
2167,74,0.004723642021417618,163.06,44.219,92.77,8.7,0,False,,763.0
2168,74,0.004474957473576069,169.224,49.311,98.95,8.46,0,False,,763.0
2169,74,0.00479663023725152,161.308,42.883,91.0,8.82,0,False,,763.0
2170,74,0.0046269819140434265,165.185,46.308,94.92,8.65,0,False,,763.0
2171,74,0.004774775356054306,161.799,43.304,91.53,8.75,0,False,,763.0
2172,74,0.004408335313200951,171.638,50.186,101.34,8.38,0,False,,763.0
2173,74,0.004588513169437647,166.456,46.799,96.19,8.55,0,False,,763.0
2174,74,0.004638314712792635,164.756,46.218,94.49,8.67,0,False,,763.0
2175,74,0.004642768297344446,164.806,45.984,94.58,8.64,0,False,,763.0
2176,75,0.004810459911823273,161.073,42.552,90.79,8.82,0,False,,763.0
2177,75,0.004581787623465061,166.702,46.866,96.43,8.64,0,False,,763.0
2178,75,0.004721932113170624,163.216,44.147,92.92,8.68,0,False,,763.0
2179,75,0.004720243159681559,163.929,43.567,93.65,8.69,0,False,,763.0
2180,75,0.004787871614098549,161.689,42.883,91.42,8.8,0,False,,763.0
2181,75,0.0047387476079165936,162.687,43.945,92.39,8.78,0,False,,763.0
2182,75,0.004625652451068163,165.097,46.444,94.85,8.62,0,False,,763.0
2183,75,0.004708757624030113,163.216,44.685,92.92,8.74,0,False,,763.0
2184,75,0.004748636391013861,162.799,43.443,92.52,8.74,0,False,,763.0
2185,75,0.004770437255501747,161.784,43.491,91.52,8.78,0,False,,763.0
2186,75,0.0046870228834450245,164.21,44.678,93.94,8.67,0,False,,763.0
2187,75,0.004465550649911165,169.447,49.536,99.17,8.42,0,False,,763.0
2188,75,0.004847546573728323,160.514,41.615,90.24,8.85,0,False,,763.0
2189,75,0.004879714921116829,159.682,41.135,89.39,8.91,0,False,,763.0
2190,75,0.004613853991031647,165.71,46.389,95.45,8.62,0,False,,763.0
2191,75,0.004750626627355814,162.254,43.858,91.97,8.82,0,False,,763.0
2192,75,0.0048162504099309444,160.963,42.425,90.68,8.84,0,False,,763.0
2193,75,0.0044301715679466724,170.594,50.119,100.33,8.46,0,False,,763.0
2194,75,0.003939174581319094,185.0,62.6,114.73,8.1,0,False,,763.0
2195,75,0.004701321478933096,163.779,44.48,93.51,8.68,0,False,,763.0
2196,75,0.004762198776006699,162.05,43.579,91.76,8.78,0,False,,763.0
2197,75,0.004598812200129032,166.68,46.152,96.43,8.59,0,False,,763.0
2198,75,0.004564595874398947,166.657,47.655,96.41,8.57,0,False,,763.0
2199,75,0.0045708161778748035,167.144,46.941,96.87,8.59,0,False,,763.0
2200,75,0.004618619102984667,165.337,46.526,95.05,8.64,0,False,,763.0
2201,75,0.004798256792128086,161.25,42.872,90.97,8.81,0,False,,763.0
2202,75,0.004786774981766939,161.672,42.942,91.41,8.75,0,False,,763.0
2203,75,0.0047102137468755245,163.455,44.409,93.17,8.72,0,False,,763.0
2204,75,0.004640351515263319,165.01,45.9,94.72,8.68,0,False,,763.0
2205,76,0.004517578054219484,168.033,48.477,97.74,8.56,0,False,,763.0
2206,76,0.004682136699557304,164.304,44.794,94.05,8.69,0,False,,763.0
2207,76,0.004729943815618753,163.329,43.718,93.04,8.72,0,False,,763.0
2208,76,0.004674674943089485,164.197,45.202,93.9,8.73,0,False,,763.0
2209,76,0.004703404847532511,163.611,44.547,93.33,8.7,0,False,,763.0
2210,76,0.004414962604641914,171.021,50.438,100.74,8.43,0,False,,763.0
2211,76,0.004729981999844313,162.683,44.304,92.41,8.76,0,False,,763.0
2212,76,0.004623351152986288,165.506,46.17,95.22,8.66,0,False,,763.0
2213,76,0.004781516268849373,161.71,43.117,91.43,8.77,0,False,,763.0
2214,76,0.004589457530528307,166.775,46.469,96.51,8.58,0,False,,763.0
2215,76,0.004703132435679436,163.761,44.421,93.54,8.73,0,False,,763.0
2216,76,0.004782391712069511,161.891,42.917,91.64,8.77,0,False,,763.0
2217,76,0.004781564697623253,161.558,43.253,91.28,8.82,0,False,,763.0
2218,76,0.004871312528848648,159.91,41.249,89.63,8.89,0,False,,763.0
2219,76,0.004792890977114439,161.455,42.898,91.17,8.8,0,False,,763.0
2220,76,0.004778276663273573,162.037,42.949,91.74,8.79,0,False,,763.0
2221,76,0.004629404749721289,165.754,45.688,95.49,8.61,0,False,,763.0
2222,76,0.004763081669807434,162.381,43.242,92.09,8.78,0,False,,763.0
2223,76,0.0047873398289084435,161.731,42.866,91.45,8.82,0,False,,763.0
2224,76,0.004768159706145525,162.512,42.92,92.19,8.81,0,False,,763.0
2225,76,0.004723083693534136,163.026,44.273,92.75,8.73,0,False,,763.0
2226,76,0.0045356242917478085,167.354,48.294,97.08,8.55,0,False,,763.0
2227,76,0.004761856980621815,162.49,43.193,92.2,8.79,0,False,,763.0
2228,76,0.004779009614139795,161.709,43.218,91.43,8.79,0,False,,763.0
2229,76,0.0048446874134242535,160.493,41.744,90.17,8.85,0,False,,763.0
2230,76,0.004774037282913923,162.081,43.077,91.78,8.8,0,False,,763.0
2231,76,0.004730559419840574,163.244,43.771,92.94,8.73,0,False,,763.0
2232,76,0.004059477709233761,181.704,58.758,111.43,8.22,0,False,,763.0
2233,76,0.004753926768898964,162.706,43.315,92.41,8.79,0,False,,763.0
2234,77,0.004847103729844093,160.339,41.79,90.1,8.87,0,False,,763.0
2235,77,0.004705511033535004,163.726,44.355,93.47,8.74,0,False,,763.0
2236,77,0.004796585068106651,161.389,42.811,91.13,8.8,0,False,,763.0
2237,77,0.004696985706686974,164.05,44.412,93.79,8.68,0,False,,763.0
2238,77,0.004771138541400433,162.236,43.052,91.96,8.77,0,False,,763.0
2239,77,0.004703976213932037,163.754,44.393,93.46,8.72,0,False,,763.0
2240,77,0.0048280199989676476,160.705,42.199,90.46,8.86,0,False,,763.0
2241,77,0.004721370991319418,163.786,43.651,93.51,8.7,0,False,,763.0
2242,77,0.0046057854779064655,165.864,46.595,95.58,8.62,0,False,,763.0
2243,77,0.004759813193231821,162.093,43.636,91.83,8.76,0,False,,763.0
2244,77,0.004693556111305952,164.57,44.08,94.33,8.69,0,False,,763.0
2245,77,0.0048116822727024555,161.299,42.299,91.0,8.81,0,False,,763.0
2246,77,0.004732845351099968,162.938,43.955,92.67,8.74,0,False,,763.0
2247,77,0.004626953974366188,165.474,46.046,95.16,8.61,0,False,,763.0
2248,77,0.004716846626251936,163.543,44.058,93.23,8.74,0,False,,763.0
2249,77,0.004696676507592201,164.198,44.29,93.93,8.71,0,False,,763.0
2250,77,0.004721327219158411,163.507,43.907,93.25,8.72,0,False,,763.0
2251,77,0.004675700794905424,164.377,44.995,94.13,8.67,0,False,,763.0
2252,77,0.004779521841555834,161.89,43.033,91.63,8.78,0,False,,763.0
2253,77,0.004664738196879625,164.743,45.119,94.46,8.69,0,False,,763.0
2254,77,0.0047947196289896965,161.429,42.849,91.14,8.82,0,False,,763.0
2255,77,0.004833806771785021,160.748,41.934,90.45,8.86,0,False,,763.0
2256,77,0.0047251577489078045,163.494,43.763,93.18,8.73,0,False,,763.0
2257,77,0.0047984495759010315,161.349,42.775,91.07,8.82,0,False,,763.0
2258,77,0.004796109162271023,161.485,42.743,91.22,8.8,0,False,,763.0
2259,77,0.004631849937140942,165.553,45.767,95.26,8.62,0,False,,763.0
2260,77,0.004696566611528397,163.802,44.654,93.54,8.67,0,False,,763.0
2261,77,0.004775014240294695,161.76,43.33,91.5,8.79,0,False,,763.0
2262,77,0.004598158411681652,166.63,46.225,96.37,8.61,0,False,,763.0
2263,78,0.0011012419126927853,503.515,367.773,433.25,7.3,0,False,,763.0
2264,78,0.004764295648783445,162.181,43.376,91.91,8.79,0,False,,763.0
2265,78,0.004718261770904064,162.866,44.615,92.59,8.75,0,False,,763.0
2266,78,0.0046613155864179134,164.654,45.343,94.36,8.69,0,False,,763.0
2267,78,0.004888741299510002,159.472,40.982,89.2,8.94,0,False,,763.0
2268,78,0.004664552863687277,164.73,45.139,94.44,8.68,0,False,,763.0
2269,78,0.0046935733407735825,164.333,44.295,94.04,8.68,0,False,,763.0
2270,78,0.004684010520577431,164.74,44.32,94.48,8.7,0,False,,763.0
2271,78,0.004776430781930685,162.05,43.01,91.8,8.79,0,False,,763.0
2272,78,0.004747374914586544,162.961,43.347,92.69,8.72,0,False,,763.0
2273,78,0.004769984167069197,162.118,43.206,91.84,8.77,0,False,,763.0
2274,78,0.004743965808302164,162.874,43.564,92.58,8.76,0,False,,763.0
2275,78,0.004688823129981756,164.38,44.448,94.1,8.67,0,False,,763.0
2276,78,0.004618093371391296,166.547,45.448,96.24,8.6,0,False,,763.0
2277,78,0.004792159888893366,162.001,42.43,91.72,8.81,0,False,,763.0
2278,78,0.004817523993551731,161.138,42.216,90.86,8.85,0,False,,763.0
2279,78,0.004797803703695536,161.529,42.636,91.24,8.85,0,False,,763.0
2280,78,0.0045736744068562984,166.695,47.225,96.42,8.58,0,False,,763.0
2281,78,0.004709044937044382,163.75,44.189,93.45,8.7,0,False,,763.0
2282,78,0.004730694927275181,163.275,43.737,92.99,8.74,0,False,,763.0
2283,78,0.0011067016748711467,501.012,365.976,430.77,7.31,0,False,,763.0
2284,78,0.004829997196793556,160.818,42.02,90.56,8.83,0,False,,763.0
2285,78,0.004764506593346596,162.159,43.388,91.89,8.78,0,False,,763.0
2286,78,0.004716767929494381,163.723,43.896,93.43,8.69,0,False,,763.0
2287,78,0.004683849401772022,164.134,44.878,93.85,8.75,0,False,,763.0
2288,78,0.004759225994348526,162.324,43.45,92.05,8.75,0,False,,763.0
2289,78,0.0048030707985162735,161.379,42.565,91.1,8.84,0,False,,763.0
2290,78,0.0047753192484378815,161.836,43.249,91.56,8.8,0,False,,763.0
2291,78,0.004853186197578907,160.186,41.695,89.89,8.89,0,False,,763.0
2292,79,0.004703729413449764,163.527,44.609,93.25,8.74,0,False,,763.0
2293,79,0.004703005310148001,163.862,44.334,93.59,8.71,0,False,,763.0
2294,79,0.004841723944991827,160.354,41.986,90.08,8.89,0,False,,763.0
2295,79,0.004765866324305534,162.296,43.208,92.04,8.82,0,False,,763.0
2296,79,0.004707249812781811,163.56,44.435,93.3,8.71,0,False,,763.0
2297,79,0.0046465517953038216,165.132,45.528,94.87,8.68,0,False,,763.0
2298,79,0.004633810371160507,165.746,45.509,95.49,8.67,0,False,,763.0
2299,79,0.004743069410324097,163.312,43.202,93.03,8.77,0,False,,763.0
2300,79,0.004809768404811621,161.294,42.379,91.02,8.83,0,False,,763.0
2301,79,0.004772030748426914,162.051,43.185,91.77,8.8,0,False,,763.0
2302,79,0.004856027662754059,160.022,41.734,89.76,8.91,0,False,,763.0
2303,79,0.0046857851557433605,164.28,44.664,93.98,8.71,0,False,,763.0
2304,79,0.004717698786407709,163.868,43.727,93.59,8.74,0,False,,763.0
2305,79,0.004750433843582869,162.962,43.223,92.72,8.76,0,False,,763.0
2306,79,0.0048254551365971565,160.772,42.239,90.49,8.84,0,False,,763.0
2307,79,0.004794924519956112,161.662,42.629,91.36,8.83,0,False,,763.0
2308,79,0.004902644548565149,159.203,40.699,88.92,8.93,0,False,,763.0
2309,79,0.004536695312708616,167.874,47.773,97.62,8.56,0,False,,763.0
2310,79,0.004614174831658602,166.366,45.78,96.05,8.62,0,False,,763.0
2311,79,0.004665199667215347,164.566,45.261,94.31,8.68,0,False,,763.0
2312,79,0.0042925067245960236,174.856,52.826,104.59,8.33,0,False,,763.0
2313,79,0.004616405814886093,165.467,46.502,95.18,8.64,0,False,,763.0
2314,79,0.004767283797264099,162.329,43.122,92.06,8.8,0,False,,763.0
2315,79,0.004787547048181295,162.197,42.435,91.92,8.79,0,False,,763.0
2316,79,0.004693088587373495,164.286,44.358,94.01,8.66,0,False,,763.0
2317,79,0.004727224353700876,163.18,43.965,92.91,8.76,0,False,,763.0
2318,79,0.00465537142008543,165.014,45.265,94.75,8.69,0,False,,763.0
2319,79,0.004784844815731049,161.781,42.92,91.51,8.79,0,False,,763.0
2320,79,0.004829517565667629,160.857,42.003,90.57,8.85,0,False,,763.0
2321,80,0.004720217082649469,163.514,43.946,93.26,8.72,0,False,,763.0
2322,80,0.004825083073228598,161.376,41.704,91.08,8.83,0,False,,763.0
2323,80,0.0046571046113967896,164.718,45.461,94.44,8.62,0,False,,763.0
2324,80,0.004744647070765495,162.917,43.497,92.63,8.76,0,False,,763.0
2325,80,0.004666501190513372,164.4,45.358,94.13,8.67,0,False,,763.0
2326,80,0.004866722971200943,160.266,41.101,90.0,8.89,0,False,,763.0
2327,80,0.004786394070833921,161.837,42.807,91.56,8.8,0,False,,763.0
2328,80,0.004694046918302774,163.798,44.761,93.51,8.75,0,False,,763.0
2329,80,0.004698270000517368,163.824,44.564,93.52,8.74,0,False,,763.0
2330,80,0.004774416796863079,162.19,42.963,91.91,8.77,0,False,,763.0
2331,80,0.004831226542592049,160.797,41.991,90.47,8.85,0,False,,763.0
2332,80,0.004720763769000769,163.571,43.872,93.32,8.78,0,False,,763.0
2333,80,0.0048074922524392605,161.549,42.236,91.3,8.8,0,False,,763.0
2334,80,0.004577482584863901,166.986,46.796,96.7,8.63,0,False,,763.0
2335,80,0.004788520745933056,161.857,42.705,91.56,8.8,0,False,,763.0
2336,80,0.004753890912979841,162.431,43.566,92.15,8.76,0,False,,763.0
2337,80,0.004838364664465189,160.477,42.004,90.18,8.85,0,False,,763.0
2338,80,0.004769709426909685,162.271,43.077,92.0,8.81,0,False,,763.0
2339,80,0.0047356183640658855,162.893,43.885,92.61,8.76,0,False,,763.0
2340,80,0.004747487138956785,162.794,43.494,92.51,8.78,0,False,,763.0
2341,80,0.00465371273458004,165.114,45.244,94.83,8.65,0,False,,763.0
2342,80,0.004593441262841225,166.56,46.493,96.27,8.59,0,False,,763.0
2343,80,0.004766411613672972,162.031,43.427,91.77,8.78,0,False,,763.0
2344,80,0.004788553342223167,161.828,42.73,91.53,8.77,0,False,,763.0
2345,80,0.004792096093297005,161.772,42.641,91.5,8.79,0,False,,763.0
2346,80,0.004746096674352884,162.984,43.377,92.7,8.77,0,False,,763.0
2347,80,0.004836126230657101,160.659,41.925,90.38,8.86,0,False,,763.0
2348,80,0.004720652475953102,163.464,43.974,93.18,8.74,0,False,,763.0
2349,80,0.004866471979767084,160.117,41.246,89.86,8.89,0,False,,763.0
2350,81,0.004701564554125071,164.105,44.173,93.8,8.69,0,False,,763.0
2351,81,0.004711156245321035,163.389,44.43,93.1,8.67,0,False,,763.0
2352,81,0.004691328387707472,164.322,44.397,94.05,8.71,0,False,,763.0
2353,81,0.004783444106578827,162.236,42.562,91.95,8.8,0,False,,763.0
2354,81,0.004609561525285244,166.201,46.127,95.94,8.63,0,False,,763.0
2355,81,0.004755011294037104,162.667,43.307,92.39,8.75,0,False,,763.0
2356,81,0.004710493143647909,163.595,44.27,93.3,8.72,0,False,,763.0
2357,81,0.004694486036896706,163.767,44.772,93.47,8.74,0,False,,763.0
2358,81,0.0047096204943954945,163.548,44.349,93.25,8.79,0,False,,763.0
2359,81,0.0047891815192997456,161.929,42.613,91.67,8.77,0,False,,763.0
2360,81,0.004827720578759909,160.98,41.961,90.68,8.85,0,False,,763.0
2361,81,0.004702181555330753,163.952,44.287,93.67,8.72,0,False,,763.0
2362,81,0.004768001846969128,162.659,42.793,92.41,8.77,0,False,,763.0
2363,81,0.004631304182112217,166.063,45.326,95.78,8.62,0,False,,763.0
2364,81,0.004749653395265341,162.587,43.595,92.3,8.77,0,False,,763.0
2365,81,0.0030040303245186806,223.245,99.674,152.97,7.93,0,False,,763.0
2366,81,0.004708556924015284,163.385,44.54,93.12,8.77,0,False,,763.0
2367,81,0.004721905570477247,163.262,44.106,92.98,8.75,0,False,,763.0
2368,81,0.004737320821732283,163.003,43.716,92.71,8.75,0,False,,763.0
2369,81,0.00471185427159071,163.992,43.853,93.72,8.72,0,False,,763.0
2370,81,0.004847359377890825,160.275,41.839,90.02,8.88,0,False,,763.0
2371,81,0.004737600218504667,163.271,43.46,92.99,8.73,0,False,,763.0
2372,81,0.004776275251060724,162.212,42.869,91.97,8.77,0,False,,763.0
2373,81,0.004834651947021484,160.894,41.769,90.63,8.84,0,False,,763.0
2374,81,0.004738356452435255,162.844,43.818,92.56,8.77,0,False,,763.0
2375,81,0.0048113297671079636,161.262,42.346,91.0,8.81,0,False,,763.0
2376,81,0.004752147011458874,162.611,43.473,92.31,8.75,0,False,,763.0
2377,81,0.004777753259986639,162.355,42.68,92.09,8.78,0,False,,763.0
2378,81,0.004570345859974623,166.775,47.298,96.51,8.65,0,False,,763.0
2379,82,0.0042688967660069466,175.869,53.076,105.61,8.19,0,False,,763.0
2380,82,0.004737453069537878,163.177,43.552,92.9,8.69,0,False,,763.0
2381,82,0.004647499416023493,165.283,45.351,95.01,8.62,0,False,,763.0
2382,82,0.00475149042904377,163.055,43.096,92.79,8.74,0,False,,763.0
2383,82,0.004811952356249094,161.704,41.92,91.44,8.79,0,False,,763.0
2384,82,0.0045671118423342705,167.172,47.077,96.92,8.56,0,False,,763.0
2385,82,0.00465411925688386,165.316,45.043,95.05,8.68,0,False,,763.0
2386,82,0.004805245902389288,161.571,42.304,91.3,8.81,0,False,,763.0
2387,82,0.0045303888618946075,168.626,47.368,98.35,8.49,0,False,,763.0
2388,82,0.004767462611198425,162.566,42.899,92.3,8.74,0,False,,763.0
2389,82,0.004734693095088005,162.999,43.826,92.74,8.73,0,False,,763.0
2390,82,0.004779036622494459,162.427,42.564,92.13,8.72,0,False,,763.0
2391,82,0.004725696053355932,163.245,43.967,93.01,8.72,0,False,,763.0
2392,82,0.004465231206268072,168.869,50.076,98.62,8.62,0,False,,763.0
2393,82,0.00476450938731432,162.491,43.085,92.22,8.74,0,False,,763.0
2394,82,0.0047111473977565765,163.702,44.145,93.41,8.74,0,False,,763.0
2395,82,0.004651355557143688,165.063,45.389,94.79,8.7,0,False,,763.0
2396,82,0.004670474678277969,164.94,44.701,94.69,8.68,0,False,,763.0
2397,82,0.004645965527743101,165.539,45.183,95.26,8.62,0,False,,763.0
2398,82,0.004804589319974184,161.359,42.523,91.07,8.81,0,False,,763.0
2399,82,0.004376995377242565,173.056,50.374,102.78,8.38,0,False,,763.0
2400,82,0.004701915197074413,163.773,44.46,93.5,8.69,0,False,,763.0
2401,82,0.004728264175355434,163.299,43.814,93.03,8.71,0,False,,763.0
2402,82,0.004753029905259609,162.482,43.554,92.2,8.76,0,False,,763.0
2403,82,0.004759964998811483,162.463,43.294,92.18,8.78,0,False,,763.0
2404,82,0.004808510188013315,161.341,42.385,91.07,8.84,0,False,,763.0
2405,82,0.004798919893801212,161.539,42.583,91.28,8.82,0,False,,763.0
2406,82,0.00475770328193903,162.978,42.916,92.72,8.75,0,False,,763.0
2407,82,0.004818494897335768,161.354,41.982,91.07,8.84,0,False,,763.0
2408,83,0.004725072532892227,163.701,43.578,93.44,8.75,0,False,,763.0
2409,83,0.004707995802164078,164.199,43.823,93.94,8.65,0,False,,763.0
2410,83,0.004789452068507671,161.99,42.548,91.73,8.79,0,False,,763.0
2411,83,0.004782562609761953,161.894,42.908,91.61,8.82,0,False,,763.0
2412,83,0.0048071593046188354,161.463,42.328,91.17,8.81,0,False,,763.0
2413,83,0.0045096720568835735,169.198,47.771,98.94,8.45,0,False,,763.0
2414,83,0.004648907110095024,165.79,44.831,95.54,8.61,0,False,,763.0
2415,83,0.004747750237584114,163.228,43.089,92.94,8.67,0,False,,763.0
2416,83,0.004711438436061144,164.482,43.425,94.19,8.65,0,False,,763.0
2417,83,0.00466655008494854,165.316,44.523,95.05,8.64,0,False,,763.0
2418,83,0.004782751202583313,162.366,42.472,92.09,8.77,0,False,,763.0
2419,83,0.0047463770024478436,163.008,43.345,92.76,8.74,0,False,,763.0
2420,83,0.004791292827576399,162.258,42.231,92.01,8.76,0,False,,763.0
2421,83,0.0046983337961137295,163.925,44.469,93.66,8.68,0,False,,763.0
2422,83,0.004827781580388546,161.237,41.725,90.95,8.83,0,False,,763.0
2423,83,0.004794815555214882,161.528,42.755,91.22,8.82,0,False,,763.0
2424,83,0.00480333436280489,161.781,42.189,91.48,8.79,0,False,,763.0
2425,83,0.004610405303537846,166.929,45.429,96.63,8.58,0,False,,763.0
2426,83,0.004612799733877182,166.412,45.797,96.15,8.6,0,False,,763.0
2427,83,0.004639245569705963,165.448,45.549,95.15,8.62,0,False,,763.0
2428,83,0.004807586316019297,161.561,42.221,91.28,8.79,0,False,,763.0
2429,83,0.0048322733491659164,161.231,41.556,90.96,8.77,0,False,,763.0
2430,83,0.004737773444503546,163.651,43.107,93.39,8.71,0,False,,763.0
2431,83,0.004610879346728325,166.085,46.176,95.8,8.63,0,False,,763.0
2432,83,0.004704080522060394,164.06,44.11,93.79,8.66,0,False,,763.0
2433,83,0.004676443058997393,165.02,44.38,94.75,8.66,0,False,,763.0
2434,83,0.004797293804585934,162.087,42.149,91.82,8.79,0,False,,763.0
2435,83,0.004698973149061203,164.402,44.009,94.14,8.67,0,False,,763.0
2436,83,0.004757142160087824,162.384,43.478,92.13,8.75,0,False,,763.0
2437,84,0.0038663605228066444,188.284,63.961,118.01,8.03,0,False,,763.0
2438,84,0.004704588558524847,164.693,43.514,94.4,8.66,0,False,,763.0
2439,84,0.0048074680380523205,161.668,42.128,91.38,8.76,0,False,,763.0
2440,84,0.004777603317052126,162.174,42.851,91.9,8.72,0,False,,763.0
2441,84,0.004745290149003267,162.612,43.748,92.36,8.76,0,False,,763.0
2442,84,0.004714358132332563,163.519,44.181,93.24,8.71,0,False,,763.0
2443,84,0.004795876797288656,162.177,42.123,91.89,8.78,0,False,,763.0
2444,84,0.004843885079026222,160.972,41.339,90.71,8.8,0,False,,763.0
2445,84,0.00478740269318223,162.004,42.616,91.74,8.79,0,False,,763.0
2446,84,0.0047240545973181725,163.332,43.955,93.04,8.71,0,False,,763.0
2447,84,0.004752911161631346,162.646,43.41,92.37,8.76,0,False,,763.0
2448,84,0.004745656158775091,163.221,43.18,92.91,8.7,0,False,,763.0
2449,84,0.004766492173075676,162.86,42.671,92.58,8.71,0,False,,763.0
2450,84,0.004687097389250994,164.662,44.263,94.38,8.67,0,False,,763.0
2451,84,0.004827133845537901,161.248,41.74,90.99,8.78,0,False,,763.0
2452,84,0.004815286491066217,161.543,41.936,91.27,8.77,0,False,,763.0
2453,84,0.0045484215952456,167.978,47.163,97.71,8.54,0,False,,763.0
2454,84,0.004764137323945761,162.602,43.0,92.34,8.78,0,False,,763.0
2455,84,0.0047150603495538235,164.123,43.603,93.84,8.66,0,False,,763.0
2456,84,0.0047704316675662994,162.689,42.668,92.43,8.78,0,False,,763.0
2457,84,0.004493775777518749,170.134,47.633,99.86,8.49,0,False,,763.0
2458,84,0.004796385765075684,161.894,42.36,91.62,8.76,0,False,,763.0
2459,84,0.004656041972339153,165.064,45.191,94.79,8.66,0,False,,763.0
2460,84,0.004806962329894304,161.392,42.4,91.12,8.81,0,False,,763.0
2461,84,0.004822945222258568,161.423,41.744,91.16,8.77,0,False,,763.0
2462,84,0.004856092855334282,160.583,41.221,90.3,8.81,0,False,,763.0
2463,84,0.004772636573761702,162.317,42.919,92.06,8.75,0,False,,763.0
2464,84,0.00472934590652585,164.128,43.016,93.84,8.68,0,False,,763.0
2465,84,0.004655945114791393,165.149,45.118,94.91,8.64,0,False,,763.0
2466,85,0.004824311006814241,161.434,41.682,91.14,8.77,0,False,,763.0
2467,85,0.004556657746434212,168.564,46.269,98.29,8.51,0,False,,763.0
2468,85,0.0047947014681994915,161.911,42.412,91.62,8.78,0,False,,763.0
2469,85,0.004760448820888996,162.503,43.237,92.23,8.78,0,False,,763.0
2470,85,0.0047410330735147,163.372,43.229,93.08,8.69,0,False,,763.0
2471,85,0.004424065817147493,171.299,49.761,101.02,8.37,0,False,,763.0
2472,85,0.004761489108204842,163.048,42.7,92.75,8.73,0,False,,763.0
2473,85,0.004728677682578564,163.412,43.695,93.12,8.69,0,False,,763.0
2474,85,0.004793873056769371,162.214,42.169,91.96,8.79,0,False,,763.0
2475,85,0.004811472725123167,161.526,42.101,91.26,8.76,0,False,,763.0
2476,85,0.004864526446908712,160.131,41.308,89.82,8.87,0,False,,763.0
2477,85,0.0048415702767670155,160.562,41.802,90.31,8.86,0,False,,763.0
2478,85,0.004659052938222885,165.385,44.773,95.11,8.59,0,False,,763.0
2479,85,0.004812104161828756,161.971,41.671,91.69,8.75,0,False,,763.0
2480,85,0.00483174342662096,160.932,41.848,90.68,8.8,0,False,,763.0
2481,85,0.004792084451764822,162.084,42.358,91.78,8.79,0,False,,763.0
2482,85,0.004755040630698204,162.767,43.215,92.51,8.75,0,False,,763.0
2483,85,0.0047710551880300045,162.949,42.408,92.7,8.72,0,False,,763.0
2484,85,0.0047945925034582615,162.152,42.197,91.86,8.76,0,False,,763.0
2485,85,0.004658204969018698,165.355,44.836,95.07,8.63,0,False,,763.0
2486,85,0.00482128094881773,161.558,41.687,91.31,8.81,0,False,,763.0
2487,85,0.004694879055023193,164.767,43.847,94.5,8.61,0,False,,763.0
2488,85,0.0046698483638465405,164.523,45.106,94.26,8.64,0,False,,763.0
2489,85,0.004872205201536417,160.142,41.004,89.86,8.87,0,False,,763.0
2490,85,0.004606055095791817,167.274,45.301,96.99,8.57,0,False,,763.0
2491,85,0.0048526800237596035,160.75,41.202,90.5,8.82,0,False,,763.0
2492,85,0.004745470359921455,162.822,43.55,92.55,8.74,0,False,,763.0
2493,85,0.004830605816096067,161.208,41.641,90.94,8.78,0,False,,763.0
2494,85,0.004578751511871815,167.98,45.836,97.68,8.52,0,False,,763.0
2495,86,0.004786810837686062,162.149,42.507,91.9,8.77,0,False,,763.0
2496,86,0.004825354553759098,161.06,41.98,90.82,8.79,0,False,,763.0
2497,86,0.004455099813640118,170.494,49.062,100.2,8.44,0,False,,763.0
2498,86,0.004686899017542601,164.067,44.813,93.83,8.7,0,False,,763.0
2499,86,0.004696503281593323,164.004,44.473,93.72,8.7,0,False,,763.0
2500,86,0.00473778834566474,163.197,43.52,92.92,8.73,0,False,,763.0
2501,86,0.004570493008941412,167.48,46.65,97.24,8.52,0,False,,763.0
2502,86,0.0047006867825984955,164.4,43.941,94.1,8.68,0,False,,763.0
2503,86,0.004249709192663431,175.24,54.609,104.95,8.53,0,False,,763.0
2504,86,0.004828887525945902,160.904,41.984,90.6,8.81,0,False,,763.0
2505,86,0.004624735563993454,166.37,45.326,96.09,8.58,0,False,,763.0
2506,86,0.004744821228086948,163.499,42.961,93.21,8.73,0,False,,763.0
2507,86,0.004584936890751123,167.221,46.258,96.94,8.59,0,False,,763.0
2508,86,0.004643455147743225,165.168,45.626,94.87,8.64,0,False,,763.0
2509,86,0.004824478644877672,161.131,41.95,90.84,8.82,0,False,,763.0
2510,86,0.004586935043334961,166.615,46.723,96.32,8.62,0,False,,763.0
2511,86,0.0048031071200966835,161.769,42.208,91.47,8.81,0,False,,763.0
2512,86,0.004659579135477543,165.484,44.662,95.2,8.64,0,False,,763.0
2513,86,0.004885285161435604,159.87,40.751,89.6,8.86,0,False,,763.0
2514,86,0.004731806460767984,163.224,43.738,92.92,8.75,0,False,,763.0
2515,86,0.004602701868861914,167.018,45.678,96.73,8.6,0,False,,763.0
2516,86,0.004705832805484533,163.929,44.157,93.63,8.73,0,False,,763.0
2517,86,0.004837018437683582,161.026,41.557,90.75,8.76,0,False,,763.0
2518,86,0.004702573176473379,164.417,43.848,94.15,8.68,0,False,,763.0
2519,86,0.004729137290269136,163.92,43.214,93.66,8.69,0,False,,763.0
2520,86,0.004540883004665375,167.644,47.798,97.36,8.56,0,False,,763.0
2521,86,0.004681553225964308,164.73,44.431,94.45,8.63,0,False,,763.0
2522,86,0.004696523305028677,163.71,44.739,93.44,8.71,0,False,,763.0
2523,86,0.0048653422854840755,160.159,41.252,89.9,8.85,0,False,,763.0
2524,87,0.004546608775854111,167.678,47.515,97.4,8.55,0,False,,763.0
2525,87,0.004633363336324692,166.143,45.166,95.88,8.57,0,False,,763.0
2526,87,0.004816013388335705,161.092,42.317,90.76,8.8,0,False,,763.0
2527,87,0.004859829321503639,160.278,41.355,90.03,8.88,0,False,,763.0
2528,87,0.004844229202717543,160.413,41.835,90.15,8.91,0,False,,763.0
2529,87,0.004637280013412237,165.746,45.362,95.48,8.6,0,False,,763.0
2530,87,0.004756389185786247,162.512,43.392,92.26,8.73,0,False,,763.0
2531,87,0.00478297658264637,161.815,42.963,91.57,8.77,0,False,,763.0
2532,87,0.004768258426338434,162.21,43.191,91.9,8.75,0,False,,763.0
2533,87,0.0048229447565972805,161.077,42.059,90.85,8.83,0,False,,763.0
2534,87,0.00466197868809104,164.83,45.156,94.56,8.7,0,False,,763.0
2535,87,0.004748890642076731,163.128,43.134,92.81,8.74,0,False,,763.0
2536,87,0.004761708900332451,162.41,43.271,92.15,8.74,0,False,,763.0
2537,87,0.004787078592926264,162.295,42.364,92.04,8.71,0,False,,763.0
2538,87,0.004633649718016386,165.772,45.491,95.5,8.6,0,False,,763.0
2539,87,0.004783111158758402,162.249,42.564,91.96,8.78,0,False,,763.0
2540,87,0.004764143843203783,162.893,42.735,92.61,8.78,0,False,,763.0
2541,87,0.004640227183699608,165.76,45.224,95.49,8.63,0,False,,763.0
2542,87,0.0048169344663619995,161.143,42.235,90.86,8.86,0,False,,763.0
2543,87,0.004693435039371252,163.794,44.79,93.53,8.72,0,False,,763.0
2544,87,0.004685986787080765,164.545,44.415,94.24,8.65,0,False,,763.0
2545,87,0.0046680341474711895,164.628,45.087,94.35,8.65,0,False,,763.0
2546,87,0.004645880777388811,165.197,45.498,94.96,8.67,0,False,,763.0
2547,87,0.004874010104686022,159.907,41.148,89.63,8.88,0,False,,763.0
2548,87,0.004787369631230831,161.773,42.827,91.51,8.75,0,False,,763.0
2549,87,0.004738865420222282,162.941,43.709,92.69,8.69,0,False,,763.0
2550,87,0.004764848854392767,162.626,42.949,92.34,8.74,0,False,,763.0
2551,87,0.00470713060349226,164.054,43.991,93.78,8.68,0,False,,763.0
2552,87,0.004826022777706385,161.059,41.955,90.79,8.81,0,False,,763.0
2553,88,0.004893142729997635,159.553,40.74,89.27,8.92,0,False,,763.0
2554,88,0.004748716484755278,162.647,43.578,92.36,8.77,0,False,,763.0
2555,88,0.004369855392724276,173.591,50.227,103.3,8.34,0,False,,763.0
2556,88,0.004700889810919762,163.929,44.36,93.64,8.73,0,False,,763.0
2557,88,0.004843970760703087,160.375,41.879,90.1,8.86,0,False,,763.0
2558,88,0.004693160764873028,163.828,44.771,93.53,8.73,0,False,,763.0
2559,88,0.004727903753519058,163.311,43.818,93.04,8.77,0,False,,763.0
2560,88,0.004849743563681841,160.309,41.716,90.03,8.87,0,False,,763.0
2561,88,0.0048528374172747135,160.413,41.502,90.12,8.88,0,False,,763.0
2562,88,0.004431357141584158,170.837,49.843,100.56,8.44,0,False,,763.0
2563,88,0.004844807554036379,160.904,41.366,90.65,8.82,0,False,,763.0
2564,88,0.004852785263210535,160.592,41.341,90.3,8.85,0,False,,763.0
2565,88,0.00460093142464757,166.788,45.963,96.47,8.58,0,False,,763.0
2566,88,0.0048273662105202675,161.059,41.903,90.77,8.84,0,False,,763.0
2567,88,0.004715882241725922,163.585,44.059,93.31,8.73,0,False,,763.0
2568,88,0.004725131206214428,163.324,43.919,93.03,8.75,0,False,,763.0
2569,88,0.004843743052333593,160.552,41.727,90.28,8.88,0,False,,763.0
2570,88,0.004813625011593103,161.013,42.482,90.74,8.85,0,False,,763.0
2571,88,0.004757370799779892,162.759,43.128,92.5,8.71,0,False,,763.0
2572,88,0.004688644781708717,163.996,44.805,93.73,8.7,0,False,,763.0
2573,88,0.004765875171869993,162.257,43.244,91.97,8.78,0,False,,763.0
2574,88,0.004759893752634525,162.792,42.997,92.53,8.68,0,False,,763.0
2575,88,0.004818184766918421,161.35,41.997,91.08,8.76,0,False,,763.0
2576,88,0.004815067630261183,161.304,42.161,91.01,8.84,0,False,,763.0
2577,88,0.00489013222977519,159.679,40.74,89.39,8.9,0,False,,763.0
2578,88,0.004690287169069052,164.152,44.595,93.86,8.68,0,False,,763.0
2579,88,0.004787889309227467,161.74,42.836,91.47,8.82,0,False,,763.0
2580,88,0.00459138210862875,166.434,46.696,96.17,8.62,0,False,,763.0
2581,88,0.00473905960097909,163.114,43.544,92.84,8.75,0,False,,763.0
2582,89,0.004692026413977146,164.294,44.394,94.01,8.68,0,False,,763.0
2583,89,0.004770998377352953,162.391,42.917,92.09,8.74,0,False,,763.0
2584,89,0.004762514028698206,162.405,43.244,92.13,8.77,0,False,,763.0
2585,89,0.004722688812762499,163.498,43.86,93.22,8.67,0,False,,763.0
2586,89,0.004807692486792803,161.491,42.28,91.22,8.79,0,False,,763.0
2587,89,0.00469160545617342,164.434,44.284,94.16,8.64,0,False,,763.0
2588,89,0.004700044170022011,163.864,44.455,93.61,8.65,0,False,,763.0
2589,89,0.00446869945153594,170.52,48.417,100.2,8.49,0,False,,763.0
2590,89,0.0047658695839345455,162.139,43.351,91.85,8.82,0,False,,763.0
2591,89,0.004815834108740091,161.043,42.368,90.77,8.79,0,False,,763.0
2592,89,0.004776948597282171,162.031,43.007,91.75,8.81,0,False,,763.0
2593,89,0.0047333091497421265,163.001,43.879,92.73,8.75,0,False,,763.0
2594,89,0.004591619595885277,166.792,46.36,96.51,8.58,0,False,,763.0
2595,89,0.004730495158582926,163.532,43.511,93.25,8.71,0,False,,763.0
2596,89,0.00473625585436821,164.114,42.748,93.84,8.72,0,False,,763.0
2597,89,0.004825155716389418,161.148,41.908,90.85,8.83,0,False,,763.0
2598,89,0.004885576199740171,159.617,40.97,89.33,8.91,0,False,,763.0
2599,89,0.004684930667281151,164.453,44.543,94.18,8.68,0,False,,763.0
2600,89,0.004684422165155411,164.409,44.604,94.12,8.64,0,False,,763.0
2601,89,0.00477949483320117,162.339,42.625,92.07,8.75,0,False,,763.0
2602,89,0.00487533351406455,159.858,41.142,89.58,8.9,0,False,,763.0
2603,89,0.004795578308403492,161.528,42.725,91.27,8.77,0,False,,763.0
2604,89,0.004815666936337948,161.13,42.296,90.86,8.84,0,False,,763.0
2605,89,0.004783963318914175,162.131,42.637,91.84,8.78,0,False,,763.0
2606,89,0.004808207508176565,161.412,42.333,91.14,8.84,0,False,,763.0
2607,89,0.004583355970680714,167.161,46.381,96.88,8.56,0,False,,763.0
2608,89,0.004225521814078093,176.101,55.051,105.81,8.47,0,False,,763.0
2609,89,0.004822594579309225,161.446,41.738,91.18,8.8,0,False,,763.0
2610,90,0.004719356074929237,163.805,43.717,93.49,8.74,0,False,,763.0
2611,90,0.0046486095525324345,165.754,44.877,95.47,8.7,0,False,,763.0
2612,90,0.0045038131065666676,167.899,49.214,97.63,8.67,0,False,,763.0
2613,90,0.004851446021348238,160.557,41.425,90.29,8.83,0,False,,763.0
2614,90,0.004612392280250788,166.321,45.896,96.04,8.63,0,False,,763.0
2615,90,0.004851973615586758,160.608,41.358,90.34,8.85,0,False,,763.0
2616,90,0.004675789270550013,164.721,44.679,94.44,8.69,0,False,,763.0
2617,90,0.004835798405110836,160.764,41.843,90.48,8.82,0,False,,763.0
2618,90,0.004722726996988058,163.529,43.83,93.24,8.69,0,False,,763.0
2619,90,0.004687976092100143,164.341,44.519,94.05,8.71,0,False,,763.0
2620,90,0.004800571594387293,161.636,42.43,91.36,8.82,0,False,,763.0
2621,90,0.004757708869874477,162.433,43.412,92.13,8.8,0,False,,763.0
2622,90,0.004810110665857792,161.197,42.453,90.93,8.8,0,False,,763.0
2623,90,0.004721756558865309,163.498,43.898,93.22,8.75,0,False,,763.0
2624,90,0.004664313513785601,165.096,44.817,94.79,8.67,0,False,,763.0
2625,90,0.004790450446307659,161.675,42.794,91.41,8.82,0,False,,763.0
2626,90,0.004833926446735859,160.843,41.844,90.58,8.86,0,False,,763.0
2627,90,0.004553435370326042,168.092,46.839,97.8,8.52,0,False,,763.0
2628,90,0.004827017895877361,161.227,41.764,90.97,8.8,0,False,,763.0
2629,90,0.004777073860168457,162.231,42.82,91.94,8.75,0,False,,763.0
2630,90,0.004725848324596882,163.544,43.689,93.3,8.72,0,False,,763.0
2631,90,0.0047675552777945995,162.275,43.16,91.97,8.77,0,False,,763.0
2632,90,0.004842163063585758,160.469,41.864,90.21,8.88,0,False,,763.0
2633,90,0.004813770763576031,161.667,41.882,91.38,8.81,0,False,,763.0
2634,90,0.004893679637461901,159.273,40.975,88.99,8.92,0,False,,763.0
2635,90,0.00478350417688489,161.931,42.837,91.64,8.79,0,False,,763.0
2636,90,0.004661512095481157,165.047,44.978,94.8,8.71,0,False,,763.0
2637,90,0.0048010884784162045,161.427,42.599,91.19,8.83,0,False,,763.0
2638,90,0.00480910437181592,161.18,42.509,90.9,8.84,0,False,,763.0
2639,91,0.004665756598114967,164.779,45.045,94.46,8.67,0,False,,763.0
2640,91,0.004751324653625488,162.78,43.353,92.5,8.78,0,False,,763.0
2641,91,0.004844623152166605,160.537,41.706,90.26,8.87,0,False,,763.0
2642,91,0.004811961203813553,161.419,42.178,91.13,8.82,0,False,,763.0
2643,91,0.004784659016877413,161.815,42.896,91.54,8.81,0,False,,763.0
2644,91,0.004740043077617884,162.932,43.67,92.64,8.78,0,False,,763.0
2645,91,0.004399520345032215,172.701,49.633,102.44,8.4,0,False,,763.0
2646,91,0.00483793206512928,160.782,41.743,90.5,8.86,0,False,,763.0
2647,91,0.004613787401467562,166.241,45.91,95.97,8.59,0,False,,763.0
2648,91,0.004876290448009968,159.958,41.014,89.68,8.87,0,False,,763.0
2649,91,0.004726354498416185,163.223,43.961,92.94,8.71,0,False,,763.0
2650,91,0.004722136538475752,163.423,43.95,93.14,8.69,0,False,,763.0
2651,91,0.004603254608809948,166.501,46.125,96.25,8.59,0,False,,763.0
2652,91,0.004758985247462988,162.52,43.28,92.27,8.74,0,False,,763.0
2653,91,0.004688708111643791,163.751,45.025,93.47,8.76,0,False,,763.0
2654,91,0.00475206458941102,162.473,43.602,92.19,8.79,0,False,,763.0
2655,91,0.004882331006228924,159.54,41.164,89.27,8.9,0,False,,763.0
2656,91,0.004715427290648222,163.74,43.936,93.45,8.73,0,False,,763.0
2657,91,0.004825131502002478,161.037,42.01,90.75,8.84,0,False,,763.0
2658,91,0.0044670719653368,169.662,49.271,99.41,8.42,0,False,,763.0
2659,91,0.004423057660460472,172.009,49.163,101.7,8.41,0,False,,763.0
2660,91,0.004849777556955814,160.54,41.505,90.25,8.84,0,False,,763.0
2661,91,0.0048277354799211025,160.929,42.007,90.67,8.84,0,False,,763.0
2662,91,0.004806232638657093,161.595,42.244,91.33,8.83,0,False,,763.0
2663,91,0.0047671860083937645,162.401,43.06,92.12,8.75,0,False,,763.0
2664,91,0.0048018647357821465,161.851,42.183,91.54,8.79,0,False,,763.0
2665,91,0.004638551734387875,165.429,45.596,95.18,8.65,0,False,,763.0
2666,91,0.0048073893412947655,161.375,42.398,91.1,8.8,0,False,,763.0
2667,91,0.004741786979138851,163.29,43.274,93.01,8.73,0,False,,763.0
2668,92,0.004827323369681835,160.853,42.092,90.57,8.85,0,False,,763.0
2669,92,0.004392292350530624,171.974,50.634,101.7,8.39,0,False,,763.0
2670,92,0.0047858175821602345,161.802,42.862,91.5,8.79,0,False,,763.0
2671,92,0.004824442323297262,161.043,42.031,90.77,8.86,0,False,,763.0
2672,92,0.004652283154428005,164.583,45.786,94.3,8.67,0,False,,763.0
2673,92,0.00471513019874692,164.284,43.453,94.03,8.74,0,False,,763.0
2674,92,0.004801154602319002,161.341,42.675,91.07,8.83,0,False,,763.0
2675,92,0.004807398654520512,161.509,42.277,91.24,8.8,0,False,,763.0
2676,92,0.004846456926316023,160.468,41.699,90.19,8.89,0,False,,763.0
2677,92,0.004812410566955805,161.412,42.168,91.11,8.84,0,False,,763.0
2678,92,0.004774028435349464,162.567,42.636,92.3,8.75,0,False,,763.0
2679,92,0.00467986473813653,164.709,44.52,94.4,8.69,0,False,,763.0
2680,92,0.004854263737797737,160.326,41.526,90.05,8.85,0,False,,763.0
2681,92,0.004823206923902035,160.873,42.235,90.64,8.86,0,False,,763.0
2682,92,0.0047534676268696785,162.474,43.544,92.2,8.79,0,False,,763.0
2683,92,0.004465819336473942,170.548,48.523,100.28,8.48,0,False,,763.0
2684,92,0.004780129995197058,162.257,42.675,92.0,8.8,0,False,,763.0
2685,92,0.004729855805635452,162.843,44.164,92.55,8.75,0,False,,763.0
2686,92,0.0047399369068443775,163.187,43.442,92.91,8.71,0,False,,763.0
2687,92,0.004651984665542841,165.066,45.36,94.79,8.66,0,False,,763.0
2688,92,0.004832861013710499,160.776,41.946,90.48,8.87,0,False,,763.0
2689,92,0.004491532687097788,169.772,48.063,99.48,8.47,0,False,,763.0
2690,92,0.004809077363461256,161.471,42.245,91.19,8.78,0,False,,763.0
2691,92,0.004813333507627249,161.305,42.228,91.05,8.83,0,False,,763.0
2692,92,0.00482964888215065,160.942,41.92,90.67,8.81,0,False,,763.0
2693,92,0.004758649505674839,163.453,42.446,93.17,8.72,0,False,,763.0
2694,92,0.004792159888893366,161.771,42.64,91.51,8.82,0,False,,763.0
2695,92,0.004620959982275963,165.886,45.927,95.61,8.63,0,False,,763.0
2696,92,0.004743092693388462,163.164,43.336,92.88,8.7,0,False,,763.0
2697,93,0.004783590789884329,161.94,42.826,91.68,8.81,0,False,,763.0
2698,93,0.004709355998784304,164.063,43.891,93.78,8.71,0,False,,763.0
2699,93,0.004336607176810503,173.375,52.018,103.11,8.41,0,False,,763.0
2700,93,0.004749055951833725,163.332,42.942,93.09,8.76,0,False,,763.0
2701,93,0.00483624916523695,160.87,41.729,90.6,8.84,0,False,,763.0
2702,93,0.004621349275112152,166.385,45.456,96.13,8.59,0,False,,763.0
2703,93,0.004793656058609486,161.903,42.46,91.63,8.79,0,False,,763.0
2704,93,0.004835344851016998,160.44,42.155,90.17,8.86,0,False,,763.0
2705,93,0.0046034823171794415,166.248,46.345,95.95,8.65,0,False,,763.0
2706,93,0.004673335235565901,164.434,45.042,94.15,8.69,0,False,,763.0
2707,93,0.004770169034600258,162.214,43.111,91.95,8.81,0,False,,763.0
2708,93,0.004722291603684425,163.219,44.13,92.94,8.77,0,False,,763.0
2709,93,0.004514739383012056,168.356,48.309,98.07,8.53,0,False,,763.0
2710,93,0.004827503580600023,160.945,42.001,90.65,8.84,0,False,,763.0
2711,93,0.004588308744132519,167.152,46.176,96.86,8.62,0,False,,763.0
2712,93,0.004752573557198048,162.843,43.245,92.58,8.76,0,False,,763.0
2713,93,0.00476258248090744,162.478,43.174,92.23,8.78,0,False,,763.0
2714,93,0.0047744703479111195,162.387,42.782,92.11,8.75,0,False,,763.0
2715,93,0.004800100810825825,162.21,41.927,91.93,8.77,0,False,,763.0
2716,93,0.004592882934957743,166.612,46.469,96.36,8.62,0,False,,763.0
2717,93,0.004724788945168257,163.473,43.797,93.22,8.73,0,False,,763.0
2718,93,0.004792334046214819,162.02,42.406,91.74,8.82,0,False,,763.0
2719,93,0.0048700906336307526,159.712,41.476,89.44,8.89,0,False,,763.0
2720,93,0.0047429692931473255,162.777,43.692,92.5,8.75,0,False,,763.0
2721,93,0.0027524579782038927,239.388,112.658,169.13,7.83,0,False,,763.0
2722,93,0.004805315285921097,161.587,42.287,91.31,8.81,0,False,,763.0
2723,93,0.004721423611044884,163.925,43.523,93.64,8.74,0,False,,763.0
2724,93,0.004646217450499535,165.626,45.093,95.33,8.68,0,False,,763.0
2725,93,0.004847697447985411,160.405,41.708,90.12,8.87,0,False,,763.0
2726,94,0.004608317278325558,166.263,46.123,95.98,8.68,0,False,,763.0
2727,94,0.004783219192177057,162.152,42.647,91.85,8.8,0,False,,763.0
2728,94,0.004745145794004202,162.562,43.799,92.31,8.74,0,False,,763.0
2729,94,0.0047601074911653996,162.799,42.982,92.51,8.77,0,False,,763.0
2730,94,0.004776515066623688,162.072,42.987,91.8,8.8,0,False,,763.0
2731,94,0.00481511652469635,161.282,42.18,91.02,8.82,0,False,,763.0
2732,94,0.004752816166728735,162.518,43.531,92.24,8.79,0,False,,763.0
2733,94,0.0047744582407176495,162.122,43.024,91.86,8.78,0,False,,763.0
2734,94,0.004692381247878075,163.734,44.889,93.45,8.71,0,False,,763.0
2735,94,0.00473526306450367,162.806,43.978,92.52,8.77,0,False,,763.0
2736,94,0.004654490854591131,165.257,45.081,94.98,8.65,0,False,,763.0
2737,94,0.004749363753944635,163.208,43.042,92.92,8.72,0,False,,763.0
2738,94,0.0045755887404084206,167.422,46.481,97.16,8.58,0,False,,763.0
2739,94,0.004812707658857107,161.54,42.039,91.27,8.82,0,False,,763.0
2740,94,0.004656598437577486,165.134,45.105,94.82,8.62,0,False,,763.0
2741,94,0.004721423145383596,163.334,44.06,93.08,8.77,0,False,,763.0
2742,94,0.004683435428887606,164.075,44.949,93.77,8.69,0,False,,763.0
2743,94,0.004712782334536314,163.747,44.038,93.47,8.77,0,False,,763.0
2744,94,0.004802672192454338,161.509,42.463,91.2,8.8,0,False,,763.0
2745,94,0.004710606299340725,163.588,44.271,93.32,8.71,0,False,,763.0
2746,94,0.004791925195604563,161.567,42.834,91.27,8.8,0,False,,763.0
2747,94,0.004648000467568636,164.852,45.722,94.55,8.66,0,False,,763.0
2748,94,0.004729633219540119,162.988,44.041,92.73,8.71,0,False,,763.0
2749,94,0.004510818514972925,168.925,47.967,98.65,8.47,0,False,,763.0
2750,94,0.004680306650698185,165.113,44.135,94.83,8.66,0,False,,763.0
2751,94,0.0048075406812131405,161.282,42.477,91.01,8.84,0,False,,763.0
2752,94,0.004845108836889267,160.168,42.024,89.89,8.87,0,False,,763.0
2753,94,0.004529047291725874,168.664,47.393,98.4,8.51,0,False,,763.0
2754,94,0.004744443576782942,163.014,43.417,92.75,8.76,0,False,,763.0
2755,95,0.004741454031318426,162.969,43.579,92.72,8.74,0,False,,763.0
2756,95,0.004640610888600349,165.823,45.151,95.57,8.64,0,False,,763.0
2757,95,0.004636187106370926,165.612,45.529,95.31,8.62,0,False,,763.0
2758,95,0.004805869422852993,161.294,42.532,91.03,8.83,0,False,,763.0
2759,95,0.004834305960685015,161.063,41.629,90.8,8.85,0,False,,763.0
2760,95,0.004717299249023199,162.91,44.615,92.63,8.73,0,False,,763.0
2761,95,0.0047949543222785,161.199,43.048,90.89,8.84,0,False,,763.0
2762,95,0.004499494563788176,169.214,48.212,98.93,8.51,0,False,,763.0
2763,95,0.004745072219520807,162.89,43.505,92.61,8.75,0,False,,763.0
2764,95,0.004640625324100256,165.397,45.537,95.1,8.62,0,False,,763.0
2765,95,0.004706096835434437,163.904,44.169,93.61,8.71,0,False,,763.0
2766,95,0.0037736818194389343,191.528,66.786,121.22,8.09,0,False,,763.0
2767,95,0.004635570105165243,165.354,45.79,95.15,8.65,0,False,,763.0
2768,95,0.00459829717874527,166.984,45.898,96.71,8.55,0,False,,763.0
2769,95,0.004739999305456877,163.085,43.532,92.81,8.73,0,False,,763.0
2770,95,0.004799826070666313,161.644,42.452,91.38,8.82,0,False,,763.0
2771,95,0.004863233305513859,160.118,41.37,89.84,8.9,0,False,,763.0
2772,95,0.0047060418874025345,163.404,44.626,93.15,8.7,0,False,,763.0
2773,95,0.004681696649640799,164.262,44.851,93.97,8.67,0,False,,763.0
2774,95,0.004743092693388462,163.005,43.48,92.75,8.73,0,False,,763.0
2775,95,0.0047570476308465,162.659,43.232,92.38,8.72,0,False,,763.0
2776,95,0.004686585161834955,163.924,44.955,93.64,8.7,0,False,,763.0
2777,95,0.004715739283710718,163.318,44.307,93.02,8.74,0,False,,763.0
2778,95,0.0046030934900045395,166.28,46.332,96.0,8.64,0,False,,763.0
2779,95,0.004780678078532219,161.79,43.077,91.49,8.79,0,False,,763.0
2780,95,0.004631987772881985,165.43,45.873,95.15,8.66,0,False,,763.0
2781,95,0.004739569034427404,163.11,43.527,92.86,8.7,0,False,,763.0
2782,95,0.004680771846324205,164.345,44.814,94.07,8.69,0,False,,763.0
2783,95,0.004876726772636175,159.738,41.198,89.47,8.9,0,False,,763.0
2784,96,0.00471486197784543,163.356,44.308,93.1,8.73,0,False,,763.0
2785,96,0.004731650929898024,163.63,43.375,93.39,8.69,0,False,,763.0
2786,96,0.004530768375843763,168.307,47.642,98.04,8.53,0,False,,763.0
2787,96,0.004665574058890343,164.478,45.325,94.23,8.73,0,False,,763.0
2788,96,0.00481809675693512,161.009,42.311,90.76,8.83,0,False,,763.0
2789,96,0.0048033432103693485,161.439,42.499,91.17,8.84,0,False,,763.0
2790,96,0.004675442818552256,164.231,45.139,93.95,8.71,0,False,,763.0
2791,96,0.004710123408585787,163.674,44.214,93.41,8.67,0,False,,763.0
2792,96,0.004806456621736288,161.49,42.33,91.2,8.82,0,False,,763.0
2793,96,0.004855932202190161,160.27,41.512,90.0,8.84,0,False,,763.0
2794,96,0.004791031125932932,162.245,42.253,92.0,8.75,0,False,,763.0
2795,96,0.0046988604590296745,163.645,44.702,93.36,8.69,0,False,,763.0
2796,96,0.004722943529486656,163.093,44.218,92.78,8.75,0,False,,763.0
2797,96,0.004699164070188999,164.143,44.237,93.9,8.7,0,False,,763.0
2798,96,0.0047877393662929535,162.093,42.522,91.82,8.81,0,False,,763.0
2799,96,0.004809392150491476,161.477,42.227,91.19,8.8,0,False,,763.0
2800,96,0.004654266871511936,165.096,45.237,94.8,8.68,0,False,,763.0
2801,96,0.004411633592098951,171.619,50.05,101.33,8.35,0,False,,763.0
2802,96,0.004771535284817219,161.819,43.415,91.59,8.83,0,False,,763.0
2803,96,0.004625577013939619,165.48,46.1,95.18,8.66,0,False,,763.0
2804,96,0.004732111934572458,163.0,43.929,92.73,8.75,0,False,,763.0
2805,96,0.004799001384526491,161.43,42.679,91.17,8.79,0,False,,763.0
2806,96,0.004790415056049824,161.472,42.98,91.19,8.85,0,False,,763.0
2807,96,0.004528353922069073,167.779,48.229,97.5,8.56,0,False,,763.0
2808,96,0.004802916664630175,161.6,42.37,91.34,8.81,0,False,,763.0
2809,96,0.0046701026149094105,164.885,44.767,94.58,8.68,0,False,,763.0
2810,96,0.004841668531298637,160.633,41.734,90.35,8.87,0,False,,763.0
2811,96,0.00465630367398262,164.911,45.32,94.66,8.7,0,False,,763.0
2812,96,0.004715870600193739,163.522,44.117,93.19,8.72,0,False,,763.0
2813,97,0.0043094949796795845,175.087,51.781,104.81,8.33,0,False,,763.0
2814,97,0.0046961042098701,164.097,44.405,93.83,8.66,0,False,,763.0
2815,97,0.0044981446117162704,168.604,48.827,98.31,8.52,0,False,,763.0
2816,97,0.004805021919310093,161.503,42.375,91.25,8.77,0,False,,763.0
2817,97,0.0045542288571596146,167.97,46.915,97.7,8.51,0,False,,763.0
2818,97,0.0046211532317101955,166.64,45.233,96.36,8.6,0,False,,763.0
2819,97,0.004725280217826366,163.693,43.577,93.42,8.73,0,False,,763.0
2820,97,0.004787664394825697,161.613,42.961,91.32,8.78,0,False,,763.0
2821,97,0.0046575479209423065,165.37,44.851,95.11,8.6,0,False,,763.0
2822,97,0.004760954063385725,162.51,43.211,92.23,8.76,0,False,,763.0
2823,97,0.004770207684487104,161.87,43.422,91.61,8.82,0,False,,763.0
2824,97,0.0046356236562132835,165.35,45.792,95.06,8.68,0,False,,763.0
2825,97,0.004460522439330816,169.777,49.465,99.47,8.55,0,False,,763.0
2826,97,0.0047035966999828815,164.288,43.923,94.01,8.69,0,False,,763.0
2827,97,0.004444354213774204,170.862,49.22,100.59,8.44,0,False,,763.0
2828,97,0.004853374790400267,160.353,41.536,90.06,8.87,0,False,,763.0
2829,97,0.004657519515603781,165.14,45.06,94.84,8.62,0,False,,763.0
2830,97,0.00468032993376255,164.691,44.518,94.41,8.64,0,False,,763.0
2831,97,0.0045693302527070045,167.86,46.355,97.56,8.58,0,False,,763.0
2832,97,0.004816159140318632,161.111,42.294,90.84,8.81,0,False,,763.0
2833,97,0.004688727669417858,163.991,44.806,93.72,8.73,0,False,,763.0
2834,97,0.004810851067304611,161.444,42.199,91.16,8.81,0,False,,763.0
2835,97,0.00476439343765378,162.931,42.691,92.64,8.76,0,False,,763.0
2836,97,0.00476115895435214,162.6,43.121,92.31,8.77,0,False,,763.0
2837,97,0.0045970166102051735,166.278,46.595,96.03,8.61,0,False,,763.0
2838,97,0.004709472879767418,163.654,44.258,93.38,8.73,0,False,,763.0
2839,97,0.004743664525449276,162.611,43.815,92.36,8.75,0,False,,763.0
2840,97,0.004684465005993843,164.097,44.886,93.82,8.71,0,False,,763.0
2841,97,0.004816417582333088,161.583,41.855,91.3,8.79,0,False,,763.0
2842,98,0.004707197658717632,163.464,44.524,93.17,8.72,0,False,,763.0
2843,98,0.004778354428708553,161.869,43.098,91.59,8.78,0,False,,763.0
2844,98,0.004750433843582869,162.948,43.236,92.66,8.73,0,False,,763.0
2845,98,0.004763305187225342,162.739,42.908,92.49,8.73,0,False,,763.0
2846,98,0.0047552334144711494,162.765,43.208,92.52,8.75,0,False,,763.0
2847,98,0.004692589398473501,164.391,44.283,94.12,8.68,0,False,,763.0
2848,98,0.004856185521930456,160.695,41.117,90.4,8.86,0,False,,763.0
2849,98,0.004823807626962662,161.045,42.055,90.77,8.87,0,False,,763.0
2850,98,0.004661377985030413,165.663,44.423,95.39,8.65,0,False,,763.0
2851,98,0.004673306364566088,164.695,44.806,94.41,8.62,0,False,,763.0
2852,98,0.0046911523677408695,164.329,44.398,94.09,8.67,0,False,,763.0
2853,98,0.0047780973836779594,162.045,42.949,91.75,8.78,0,False,,763.0
2854,98,0.0047469171695411205,162.642,43.655,92.39,8.73,0,False,,763.0
2855,98,0.0047538201324641705,162.501,43.506,92.24,8.73,0,False,,763.0
2856,98,0.004664239007979631,165.047,44.864,94.77,8.63,0,False,,763.0
2857,98,0.004721461329609156,163.481,43.925,93.19,8.73,0,False,,763.0
2858,98,0.004754628520458937,162.931,43.083,92.64,8.74,0,False,,763.0
2859,98,0.004828997887670994,161.326,41.596,91.05,8.8,0,False,,763.0
2860,98,0.004847254138439894,160.908,41.267,90.64,8.81,0,False,,763.0
2861,98,0.004642231855541468,164.917,45.906,94.65,8.64,0,False,,763.0
2862,98,0.004718903452157974,164.077,43.488,93.76,8.69,0,False,,763.0
2863,98,0.004716660361737013,163.733,43.893,93.47,8.72,0,False,,763.0
2864,98,0.004504366312175989,168.849,48.325,98.59,8.53,0,False,,763.0
2865,98,0.004626325331628323,166.334,45.291,96.02,8.6,0,False,,763.0
2866,98,0.004763971082866192,162.37,43.218,92.09,8.79,0,False,,763.0
2867,98,0.004714593756943941,163.539,44.153,93.25,8.69,0,False,,763.0
2868,98,0.00479882350191474,161.727,42.415,91.42,8.8,0,False,,763.0
2869,98,0.004877889528870583,160.27,40.67,89.99,8.85,0,False,,763.0
2870,98,0.004709281027317047,163.51,44.397,93.25,8.74,0,False,,763.0
2871,99,0.004976938478648663,157.891,39.123,87.61,8.93,0,False,,763.0
2872,99,0.00476614898070693,162.161,43.32,91.88,8.82,0,False,,763.0
2873,99,0.004884065594524145,159.893,40.777,89.64,8.86,0,False,,763.0
2874,99,0.004678139928728342,164.585,44.705,94.28,8.67,0,False,,763.0
2875,99,0.004891530144959688,159.817,40.562,89.58,8.88,0,False,,763.0
2876,99,0.0047811781987547874,162.759,42.177,92.47,8.73,0,False,,763.0
2877,99,0.004688975866883993,164.493,44.339,94.22,8.65,0,False,,763.0
2878,99,0.004761215299367905,163.303,42.48,93.03,8.72,0,False,,763.0
2879,99,0.004666575230658054,164.881,44.917,94.62,8.65,0,False,,763.0
2880,99,0.004706140607595444,163.693,44.359,93.41,8.73,0,False,,763.0
2881,99,0.004746866878122091,162.692,43.612,92.42,8.76,0,False,,763.0
2882,99,0.0046962168999016285,164.249,44.262,93.98,8.71,0,False,,763.0
2883,99,0.004748394247144461,162.851,43.406,92.57,8.75,0,False,,763.0
2884,99,0.004822853486984968,161.038,42.098,90.78,8.81,0,False,,763.0
2885,99,0.004724113270640373,162.983,44.27,92.71,8.79,0,False,,763.0
2886,99,0.004725555423647165,163.831,43.44,93.57,8.65,0,False,,763.0
2887,99,0.004885248374193907,159.898,40.727,89.62,8.84,0,False,,763.0
2888,99,0.004758373834192753,162.409,43.406,92.12,8.74,0,False,,763.0
2889,99,0.0047347103245556355,163.583,43.294,93.28,8.72,0,False,,763.0
2890,99,0.004500322509557009,169.406,48.0,99.11,8.47,0,False,,763.0
2891,99,0.0047769066877663136,162.157,42.894,91.89,8.78,0,False,,763.0
2892,99,0.004687797743827105,164.0,44.836,93.72,8.69,0,False,,763.0
2893,99,0.0047899154014885426,161.672,42.818,91.39,8.81,0,False,,763.0
2894,99,0.00484086386859417,160.967,41.461,90.71,8.83,0,False,,763.0
2895,99,0.00475540803745389,162.699,43.262,92.45,8.75,0,False,,763.0
2896,99,0.004775982815772295,162.113,42.971,91.86,8.79,0,False,,763.0
2897,99,0.004763402976095676,162.682,42.957,92.42,8.77,0,False,,763.0
2898,99,0.004632496275007725,166.114,45.229,95.86,8.61,0,False,,763.0
2899,99,0.004747091326862574,163.613,42.765,93.35,8.71,0,False,,763.0
2900,100,0.004784892778843641,162.307,42.44,92.03,8.79,0,False,,763.0
2901,100,0.004883281420916319,160.083,40.634,89.83,8.88,0,False,,763.0
2902,100,0.004763879347592592,162.315,43.271,92.05,8.78,0,False,,763.0
2903,100,0.004849589429795742,160.518,41.532,90.21,8.86,0,False,,763.0
2904,100,0.004755568224936724,162.885,43.087,92.63,8.76,0,False,,763.0
2905,100,0.00478587718680501,161.857,42.81,91.6,8.85,0,False,,763.0
2906,100,0.004607518669217825,166.666,45.792,96.4,8.55,0,False,,763.0
2907,100,0.004755588714033365,163.197,42.802,92.93,8.69,0,False,,763.0
2908,100,0.0046371533535420895,165.99,45.145,95.69,8.59,0,False,,763.0
2909,100,0.004708684515208006,163.89,44.076,93.61,8.69,0,False,,763.0
2910,100,0.004619138780981302,166.705,45.26,96.4,8.52,0,False,,763.0
2911,100,0.004772006534039974,162.834,42.474,92.55,8.71,0,False,,763.0
2912,100,0.00472403084859252,164.042,43.311,93.77,8.65,0,False,,763.0
2913,100,0.004768681712448597,162.612,42.809,92.34,8.75,0,False,,763.0
2914,100,0.004655604250729084,165.208,45.079,94.94,8.64,0,False,,763.0
2915,100,0.004746279213577509,163.109,43.257,92.8,8.73,0,False,,763.0
2916,100,0.004744222387671471,162.959,43.476,92.66,8.77,0,False,,763.0
2917,100,0.004798606038093567,161.662,42.484,91.39,8.8,0,False,,763.0
2918,100,0.004810723476111889,161.274,42.359,91.01,8.81,0,False,,763.0
2919,100,0.004712200723588467,164.206,43.645,93.92,8.7,0,False,,763.0
2920,100,0.004686887841671705,164.696,44.241,94.43,8.67,0,False,,763.0
2921,100,0.00475529208779335,162.676,43.287,92.39,8.72,0,False,,763.0
2922,100,0.004718953277915716,163.422,44.081,93.15,8.69,0,False,,763.0
2923,100,0.0046936022117733955,163.986,44.609,93.7,8.69,0,False,,763.0
2924,100,0.0048584709875285625,160.74,40.987,90.47,8.82,0,False,,763.0
2925,100,0.0048156967386603355,161.503,41.955,91.22,8.82,0,False,,763.0
2926,100,0.004817427136003971,161.052,42.298,90.78,8.86,0,False,,763.0
2927,100,0.004812273662537336,161.468,42.122,91.16,8.83,0,False,,763.0
2928,100,0.004794586915522814,162.092,42.252,91.81,8.79,0,False,,763.0
2929,101,0.004806747194379568,161.76,42.073,91.48,8.8,0,False,,763.0
2930,101,0.0046961563639342785,164.048,44.447,93.76,8.7,0,False,,763.0
2931,101,0.004849620629101992,160.661,41.401,90.43,8.83,0,False,,763.0
2932,101,0.004735835827887058,163.249,43.552,92.98,8.7,0,False,,763.0
2933,101,0.004698495846241713,164.273,44.147,94.02,8.69,0,False,,763.0
2934,101,0.0047762757167220116,162.385,42.712,92.11,8.74,0,False,,763.0
2935,101,0.004845019895583391,160.995,41.275,90.72,8.83,0,False,,763.0
2936,101,0.004874854348599911,160.349,40.714,90.07,8.87,0,False,,763.0
2937,101,0.004877184983342886,160.291,40.678,90.03,8.85,0,False,,763.0
2938,101,0.004913371987640858,159.288,40.216,89.01,8.9,0,False,,763.0
2939,101,0.0046884226612746716,164.544,44.316,94.26,8.67,0,False,,763.0
2940,101,0.004735638853162527,163.291,43.522,93.02,8.72,0,False,,763.0
2941,101,0.004848366137593985,160.891,41.24,90.61,8.85,0,False,,763.0
2942,101,0.004829890560358763,161.349,41.541,91.12,8.79,0,False,,763.0
2943,101,0.004808665253221989,161.595,42.148,91.3,8.76,0,False,,763.0
2944,101,0.004645561333745718,165.524,45.214,95.25,8.64,0,False,,763.0
2945,101,0.004417654126882553,172.012,49.412,101.72,8.38,0,False,,763.0
2946,101,0.004700921475887299,164.131,44.176,93.88,8.71,0,False,,763.0
2947,101,0.004831502214074135,161.145,41.663,90.88,8.78,0,False,,763.0
2948,101,0.004780653864145279,162.717,42.236,92.48,8.77,0,False,,763.0
2949,101,0.004779596347361803,162.384,42.581,92.09,8.8,0,False,,763.0
2950,101,0.0047828927636146545,162.471,42.371,92.2,8.75,0,False,,763.0
2951,101,0.0045241545885801315,169.145,47.173,98.88,8.5,0,False,,763.0
2952,101,0.004760303068906069,162.828,42.948,92.53,8.73,0,False,,763.0
2953,101,0.004729454405605793,163.427,43.649,93.15,8.72,0,False,,763.0
2954,101,0.004664523992687464,165.524,44.418,95.26,8.64,0,False,,763.0
2955,101,0.004656914155930281,165.481,44.776,95.21,8.64,0,False,,763.0
2956,101,0.0046602534130215645,165.203,44.889,94.94,8.66,0,False,,763.0
2957,101,0.004702425096184015,164.09,44.151,93.78,8.73,0,False,,763.0
2958,102,0.0047515640035271645,162.771,43.351,92.49,8.74,0,False,,763.0
2959,102,0.004828356206417084,161.21,41.727,90.95,8.83,0,False,,763.0
2960,102,0.004757617600262165,162.896,42.993,92.6,8.72,0,False,,763.0
2961,102,0.00477996189147234,162.472,42.486,92.21,8.72,0,False,,763.0
2962,102,0.0047398223541677,163.439,43.218,93.13,8.69,0,False,,763.0
2963,102,0.004620590712875128,165.872,45.955,95.6,8.63,0,False,,763.0
2964,102,0.004702514968812466,164.636,43.651,94.36,8.69,0,False,,763.0
2965,102,0.004785490687936544,162.178,42.533,91.9,8.77,0,False,,763.0
2966,102,0.004864057991653681,161.029,40.51,90.73,8.83,0,False,,763.0
2967,102,0.0047307005152106285,163.84,43.223,93.56,8.71,0,False,,763.0
2968,102,0.004920434672385454,159.168,40.06,88.91,8.91,0,False,,763.0
2969,102,0.004848402924835682,160.777,41.342,90.51,8.82,0,False,,763.0
2970,102,0.00466591352596879,165.182,44.671,94.91,8.67,0,False,,763.0
2971,102,0.0046957312151789665,164.317,44.22,94.04,8.67,0,False,,763.0
2972,102,0.004844103008508682,160.95,41.351,90.67,8.82,0,False,,763.0
2973,102,0.004707212094217539,164.509,43.574,94.22,8.68,0,False,,763.0
2974,102,0.004811390768736601,161.663,41.979,91.42,8.79,0,False,,763.0
2975,102,0.0048439460806548595,160.941,41.366,90.67,8.79,0,False,,763.0
2976,102,0.0048485263250768185,160.685,41.421,90.4,8.85,0,False,,763.0
2977,102,0.004900273401290178,159.471,40.545,89.19,8.89,0,False,,763.0
2978,102,0.004836871288716793,161.353,41.266,91.1,8.81,0,False,,763.0
2979,102,0.004564415197819471,168.127,46.326,97.87,8.51,0,False,,763.0
2980,102,0.004699065815657377,164.834,43.613,94.57,8.64,0,False,,763.0
2981,102,0.004733148030936718,163.376,43.545,93.1,8.71,0,False,,763.0
2982,102,0.0048841750249266624,159.924,40.744,89.64,8.86,0,False,,763.0
2983,102,0.0048104929737746716,161.621,42.052,91.32,8.77,0,False,,763.0
2984,102,0.004866329021751881,160.46,40.94,90.18,8.81,0,False,,763.0
2985,102,0.004806359764188528,161.837,42.018,91.57,8.77,0,False,,763.0
2986,102,0.004743614699691534,163.252,43.235,92.98,8.7,0,False,,763.0
2987,103,0.004785667173564434,162.775,41.984,92.5,8.72,0,False,,763.0
2988,103,0.004822917282581329,161.282,41.874,91.02,8.77,0,False,,763.0
2989,103,0.004676901735365391,164.667,44.682,94.41,8.7,0,False,,763.0
2990,103,0.004514848813414574,169.29,47.456,99.02,8.46,0,False,,763.0
2991,103,0.004574759863317013,167.199,46.72,96.91,8.52,0,False,,763.0
2992,103,0.004765884485095739,162.78,42.768,92.51,8.71,0,False,,763.0
2993,103,0.0047183348797261715,163.375,44.149,93.09,8.71,0,False,,763.0
2994,103,0.004768374375998974,162.318,43.088,92.06,8.77,0,False,,763.0
2995,103,0.004575786180794239,167.343,46.544,97.03,8.54,0,False,,763.0
2996,103,0.004933479242026806,158.89,39.824,88.59,8.9,0,False,,763.0
2997,103,0.0049091484397649765,159.311,40.355,89.05,8.87,0,False,,763.0
2998,103,0.004839838016778231,160.832,41.624,90.55,8.84,0,False,,763.0
2999,103,0.004819593392312527,161.755,41.574,91.5,8.78,0,False,,763.0
3000,103,0.004603926558047533,166.4,46.187,96.09,8.61,0,False,,763.0
3001,103,0.0047779567539691925,162.819,42.25,92.54,8.71,0,False,,763.0
3002,103,0.004782173316925764,162.488,42.384,92.23,8.73,0,False,,763.0
3003,103,0.004806026816368103,161.607,42.241,91.31,8.75,0,False,,763.0
3004,103,0.004694685805588961,164.434,44.157,94.13,8.63,0,False,,763.0
3005,103,0.004810950718820095,161.661,41.999,91.41,8.77,0,False,,763.0
3006,103,0.0047170366160571575,164.017,43.619,93.75,8.64,0,False,,763.0
3007,103,0.004718652460724115,163.431,44.085,93.15,8.67,0,False,,763.0
3008,103,0.004622586537152529,166.028,45.729,95.8,8.65,0,False,,763.0
3009,103,0.004884613212198019,159.877,40.771,89.6,8.86,0,False,,763.0
3010,103,0.004842230584472418,160.931,41.442,90.64,8.81,0,False,,763.0
3011,103,0.004831111058592796,161.165,41.661,90.86,8.84,0,False,,763.0
3012,103,0.004655365366488695,165.733,44.612,95.45,8.62,0,False,,763.0
3013,103,0.004650590009987354,165.084,45.402,94.8,8.63,0,False,,763.0
3014,103,0.0048413765616714954,160.855,41.544,90.6,8.82,0,False,,763.0
3015,103,0.004643859341740608,165.831,45.007,95.56,8.61,0,False,,763.0
3016,104,0.004844604525715113,160.76,41.505,90.47,8.8,0,False,,763.0
3017,104,0.004880254622548819,159.98,40.843,89.72,8.83,0,False,,763.0
3018,104,0.004622387699782848,166.151,45.625,95.88,8.65,0,False,,763.0
3019,104,0.004884096793830395,159.891,40.777,89.64,8.86,0,False,,763.0
3020,104,0.004750448744744062,162.796,43.374,92.53,8.77,0,False,,763.0
3021,104,0.004828839097172022,161.071,41.835,90.8,8.83,0,False,,763.0
3022,104,0.004823666997253895,161.201,41.919,90.93,8.82,0,False,,763.0
3023,104,0.004826297517865896,161.163,41.851,90.9,8.8,0,False,,763.0
3024,104,0.004840793088078499,160.894,41.531,90.64,8.8,0,False,,763.0
3025,104,0.004779719281941652,162.294,42.658,92.02,8.76,0,False,,763.0
3026,104,0.004836245905607939,161.1,41.52,90.8,8.79,0,False,,763.0
3027,104,0.0048289671540260315,161.01,41.885,90.72,8.79,0,False,,763.0
3028,104,0.0048958491533994675,159.818,40.397,89.53,8.85,0,False,,763.0
3029,104,0.0049322922714054585,158.835,39.919,88.56,8.91,0,False,,763.0
3030,104,0.004621475003659725,166.17,45.646,95.89,8.63,0,False,,763.0
3031,104,0.004828160163015127,161.284,41.667,91.0,8.79,0,False,,763.0
3032,104,0.004854918923228979,160.647,41.208,90.39,8.84,0,False,,763.0
3033,104,0.004853856284171343,160.6,41.292,90.34,8.84,0,False,,763.0
3034,104,0.004726029466837645,163.481,43.739,93.22,8.72,0,False,,763.0
3035,104,0.004914552439004183,159.172,40.278,88.92,8.89,0,False,,763.0
3036,104,0.004913589917123318,159.004,40.467,88.71,8.87,0,False,,763.0
3037,104,0.004755079280585051,163.058,42.949,92.78,8.7,0,False,,763.0
3038,104,0.004852063022553921,160.646,41.32,90.4,8.82,0,False,,763.0
3039,104,0.004633103962987661,166.339,44.999,96.04,8.57,0,False,,763.0
3040,104,0.004593441728502512,167.18,45.929,96.9,8.57,0,False,,763.0
3041,104,0.004755091387778521,162.861,43.127,92.61,8.77,0,False,,763.0
3042,104,0.004890699405223131,159.729,40.674,89.46,8.88,0,False,,763.0
3043,104,0.004638568498194218,166.028,45.051,95.76,8.61,0,False,,763.0
3044,104,0.004884916357696056,160.018,40.63,89.74,8.86,0,False,,763.0
3045,105,0.004737391136586666,163.611,43.16,93.33,8.71,0,False,,763.0
3046,105,0.00488428445532918,160.042,40.633,89.74,8.85,0,False,,763.0
3047,105,0.004908137954771519,159.338,40.368,89.07,8.89,0,False,,763.0
3048,105,0.004888462368398905,159.961,40.548,89.69,8.86,0,False,,763.0
3049,105,0.004787330515682697,162.664,42.018,92.4,8.75,0,False,,763.0
3050,105,0.004764158744364977,162.74,42.873,92.5,8.76,0,False,,763.0
3051,105,0.004899854771792889,159.512,40.523,89.25,8.86,0,False,,763.0
3052,105,0.004902414046227932,159.785,40.178,89.5,8.87,0,False,,763.0
3053,105,0.004795626271516085,162.443,41.891,92.19,8.78,0,False,,763.0
3054,105,0.004898373037576675,159.529,40.564,89.3,8.89,0,False,,763.0
3055,105,0.004846700467169285,160.788,41.398,90.55,8.79,0,False,,763.0
3056,105,0.004913064651191235,159.176,40.33,88.91,8.91,0,False,,763.0
3057,105,0.0048935567028820515,159.784,40.515,89.47,8.85,0,False,,763.0
3058,105,0.004883446730673313,160.066,40.644,89.82,8.85,0,False,,763.0
3059,105,0.004838469438254833,160.839,41.671,90.57,8.81,0,False,,763.0
3060,105,0.004824454430490732,161.467,41.646,91.19,8.78,0,False,,763.0
3061,105,0.004875337239354849,160.263,40.773,90.03,8.86,0,False,,763.0
3062,105,0.004877995699644089,160.271,40.664,90.01,8.84,0,False,,763.0
3063,105,0.004884181544184685,159.768,40.886,89.48,8.85,0,False,,763.0
3064,105,0.004796675406396389,162.092,42.169,91.81,8.74,0,False,,763.0
3065,105,0.004584606271237135,167.641,45.891,97.34,8.58,0,False,,763.0
3066,105,0.004926356486976147,159.318,39.701,89.05,8.85,0,False,,763.0
3067,105,0.004948398098349571,158.701,39.44,88.43,8.9,0,False,,763.0
3068,105,0.004785355180501938,162.436,42.304,92.14,8.73,0,False,,763.0
3069,105,0.004882137756794691,160.165,40.603,89.89,8.85,0,False,,763.0
3070,105,0.0048682475462555885,160.232,41.073,89.95,8.82,0,False,,763.0
3071,105,0.004783633165061474,162.362,42.44,92.08,8.74,0,False,,763.0
3072,105,0.004761049058288336,162.595,43.13,92.3,8.75,0,False,,763.0
3073,105,0.004741515964269638,163.183,43.381,92.91,8.73,0,False,,763.0
3074,106,0.0048461733385920525,160.895,41.321,90.62,8.83,0,False,,763.0
3075,106,0.0047281645238399506,163.845,43.321,93.56,8.68,0,False,,763.0
3076,106,0.004665667656809092,164.81,45.02,94.56,8.68,0,False,,763.0
3077,106,0.004901475738734007,159.395,40.569,89.15,8.88,0,False,,763.0
3078,106,0.004829926881939173,161.22,41.657,90.97,8.82,0,False,,763.0
3079,106,0.0048796492628753185,160.303,40.573,90.02,8.81,0,False,,763.0
3080,106,0.004739374853670597,164.062,42.67,93.78,8.7,0,False,,763.0
3081,106,0.004725452978163958,163.612,43.644,93.33,8.68,0,False,,763.0
3082,106,0.004796425346285105,161.781,42.461,91.49,8.75,0,False,,763.0
3083,106,0.00480828620493412,161.604,42.155,91.34,8.76,0,False,,763.0
3084,106,0.0025390221271663904,254.739,126.467,184.46,7.78,0,False,,763.0
3085,106,0.004848831333220005,160.685,41.409,90.43,8.84,0,False,,763.0
3086,106,0.004869385156780481,160.221,41.039,89.92,8.85,0,False,,763.0
3087,106,0.004743844736367464,163.642,42.87,93.39,8.7,0,False,,763.0
3088,106,0.0046463049948215485,165.609,45.105,95.32,8.58,0,False,,763.0
3089,106,0.004942583851516247,158.688,39.668,88.41,8.89,0,False,,763.0
3090,106,0.004886630456894636,160.001,40.581,89.73,8.85,0,False,,763.0
3091,106,0.004823267925530672,161.216,41.92,90.97,8.84,0,False,,763.0
3092,106,0.004878113977611065,160.191,40.733,89.93,8.81,0,False,,763.0
3093,106,0.004754637833684683,163.136,42.895,92.87,8.73,0,False,,763.0
3094,106,0.004671432077884674,165.148,44.472,94.87,8.66,0,False,,763.0
3095,106,0.004566696006804705,167.967,46.372,97.68,8.47,0,False,,763.0
3096,106,0.0048194993287324905,161.253,42.034,90.99,8.78,0,False,,763.0
3097,106,0.004955266136676073,158.388,39.471,88.11,8.91,0,False,,763.0
3098,106,0.004879259038716555,160.283,40.606,90.0,8.84,0,False,,763.0
3099,106,0.004919033031910658,159.165,40.115,88.89,8.88,0,False,,763.0
3100,106,0.004876910708844662,159.974,40.976,89.69,8.83,0,False,,763.0
3101,106,0.0049031926319003105,159.446,40.457,89.19,8.89,0,False,,763.0
3102,106,0.004712844267487526,164.25,43.578,93.96,8.7,0,False,,763.0
3103,107,0.004677114076912403,164.836,44.519,94.58,8.62,0,False,,763.0
3104,107,0.0049335234798491,158.952,39.767,88.7,8.86,0,False,,763.0
3105,107,0.004834569524973631,161.277,41.425,90.96,8.78,0,False,,763.0
3106,107,0.004515476990491152,169.381,47.345,99.12,8.47,0,False,,763.0
3107,107,0.004822966177016497,161.533,41.644,91.26,8.76,0,False,,763.0
3108,107,0.004925857298076153,158.853,40.143,88.58,8.89,0,False,,763.0
3109,107,0.004823676776140928,161.767,41.404,91.5,8.77,0,False,,763.0
3110,107,0.004825440235435963,161.313,41.747,91.05,8.8,0,False,,763.0
3111,107,0.004876034799963236,160.067,40.925,89.77,8.87,0,False,,763.0
3112,107,0.0047651734203100204,162.885,42.701,92.61,8.67,0,False,,763.0
3113,107,0.00483674556016922,161.039,41.556,90.8,8.83,0,False,,763.0
3114,107,0.004845647606998682,161.046,41.204,90.78,8.81,0,False,,763.0
3115,107,0.00486283702775836,160.354,41.17,90.08,8.79,0,False,,763.0
3116,107,0.004840827081352472,160.952,41.477,90.72,8.79,0,False,,763.0
3117,107,0.004743469879031181,163.245,43.246,92.96,8.74,0,False,,763.0
3118,107,0.004897049628198147,159.857,40.316,89.6,8.86,0,False,,763.0
3119,107,0.0049076867289841175,159.684,40.071,89.4,8.85,0,False,,763.0
3120,107,0.0047648875042796135,162.932,42.67,92.65,8.73,0,False,,763.0
3121,107,0.004795123357325792,161.864,42.438,91.58,8.76,0,False,,763.0
3122,107,0.004827726632356644,161.372,41.604,91.1,8.74,0,False,,763.0
3123,107,0.004930144641548395,159.105,39.754,88.84,8.9,0,False,,763.0
3124,107,0.0047811479307711124,161.91,42.95,91.63,8.77,0,False,,763.0
3125,107,0.00493209483101964,158.898,39.869,88.66,8.86,0,False,,763.0
3126,107,0.004861476365476847,160.384,41.195,90.12,8.8,0,False,,763.0
3127,107,0.00486270384863019,160.427,41.109,90.17,8.81,0,False,,763.0
3128,107,0.004844838287681341,160.802,41.457,90.55,8.82,0,False,,763.0
3129,107,0.004927874077111483,159.021,39.915,88.74,8.88,0,False,,763.0
3130,107,0.0048605226911604404,160.485,41.14,90.21,8.8,0,False,,763.0
3131,107,0.004832116886973381,161.164,41.623,90.91,8.79,0,False,,763.0
3132,108,0.004633844364434481,166.05,45.231,95.75,8.52,0,False,,763.0
3133,108,0.004686769563704729,164.873,44.085,94.61,8.66,0,False,,763.0
3134,108,0.004775417968630791,162.355,42.773,92.06,8.74,0,False,,763.0
3135,108,0.004861367866396904,160.309,41.267,90.02,8.83,0,False,,763.0
3136,108,0.004867604933679104,160.408,40.938,90.16,8.81,0,False,,763.0
3137,108,0.0048346309922635555,161.058,41.621,90.8,8.8,0,False,,763.0
3138,108,0.004945733118802309,158.463,39.756,88.19,8.94,0,False,,763.0
3139,108,0.004819350317120552,161.29,42.007,91.01,8.76,0,False,,763.0
3140,108,0.004849334247410297,161.043,41.064,90.8,8.84,0,False,,763.0
3141,108,0.004445557948201895,170.621,49.384,100.35,8.45,0,False,,763.0
3142,108,0.0045470986515283585,168.261,46.963,97.96,8.52,0,False,,763.0
3143,108,0.004887757822871208,160.012,40.528,89.76,8.86,0,False,,763.0
3144,108,0.004719884134829044,163.667,43.82,93.41,8.7,0,False,,763.0
3145,108,0.004783689975738525,162.444,42.363,92.17,8.7,0,False,,763.0
3146,108,0.0047141131944954395,164.014,43.74,93.73,8.65,0,False,,763.0
3147,108,0.004647143185138702,165.464,45.202,95.18,8.61,0,False,,763.0
3148,108,0.004886345937848091,159.911,40.674,89.65,8.86,0,False,,763.0
3149,108,0.004876823164522648,160.211,40.764,89.92,8.85,0,False,,763.0
3150,108,0.004875520709902048,160.211,40.814,89.92,8.81,0,False,,763.0
3151,108,0.0048998077400028706,159.536,40.503,89.27,8.85,0,False,,763.0
3152,108,0.0048356205224990845,161.02,41.617,90.77,8.78,0,False,,763.0
3153,108,0.004822667688131332,161.419,41.759,91.15,8.8,0,False,,763.0
3154,108,0.004751208703964949,162.902,43.246,92.63,8.71,0,False,,763.0
3155,108,0.004895296413451433,159.818,40.418,89.54,8.82,0,False,,763.0
3156,108,0.004746034275740385,163.706,42.723,93.41,8.69,0,False,,763.0
3157,108,0.004784107208251953,162.266,42.509,92.01,8.68,0,False,,763.0
3158,108,0.004829844925552607,161.228,41.653,90.94,8.72,0,False,,763.0
3159,108,0.004952821880578995,158.632,39.339,88.36,8.9,0,False,,763.0
3160,108,0.004803983960300684,161.933,42.025,91.64,8.76,0,False,,763.0
3161,109,0.0045701125636696815,167.225,46.898,96.95,8.57,0,False,,763.0
3162,109,0.004865441471338272,160.114,41.288,89.86,8.81,0,False,,763.0
3163,109,0.004819946829229593,161.532,41.763,91.24,8.77,0,False,,763.0
3164,109,0.004732595756649971,163.332,43.608,93.05,8.67,0,False,,763.0
3165,109,0.004782065283507109,162.239,42.615,91.95,8.69,0,False,,763.0
3166,109,0.004718425218015909,163.891,43.676,93.62,8.64,0,False,,763.0
3167,109,0.004786042496562004,162.059,42.62,91.8,8.72,0,False,,763.0
3168,109,0.004799723159521818,161.786,42.326,91.52,8.75,0,False,,763.0
3169,109,0.00477278558537364,162.887,42.394,92.62,8.71,0,False,,763.0
3170,109,0.004587613977491856,168.191,45.261,97.89,8.55,0,False,,763.0
3171,109,0.004736379720270634,163.722,43.1,93.45,8.69,0,False,,763.0
3172,109,0.004586006049066782,167.038,46.379,96.79,8.54,0,False,,763.0
3173,109,0.00492046307772398,159.079,40.14,88.82,8.87,0,False,,763.0
3174,109,0.004811011720448732,161.961,41.723,91.7,8.73,0,False,,763.0
3175,109,0.004877951927483082,160.066,40.853,89.79,8.84,0,False,,763.0
3176,109,0.004718197509646416,164.279,43.333,93.99,8.65,0,False,,763.0
3177,109,0.004874707665294409,160.273,40.789,90.0,8.78,0,False,,763.0
3178,109,0.004820086527615786,161.261,42.004,90.99,8.74,0,False,,763.0
3179,109,0.004847768694162369,160.666,41.468,90.43,8.76,0,False,,763.0
3180,109,0.004887732677161694,159.799,40.722,89.54,8.82,0,False,,763.0
3181,109,0.004735700320452452,163.261,43.547,92.97,8.71,0,False,,763.0
3182,109,0.004708684980869293,164.582,43.447,94.29,8.62,0,False,,763.0
3183,109,0.004497977439314127,170.107,47.468,99.8,8.45,0,False,,763.0
3184,109,0.004892352037131786,159.699,40.638,89.42,8.87,0,False,,763.0
3185,109,0.004773577209562063,162.355,42.847,92.06,8.77,0,False,,763.0
3186,109,0.004635282792150974,165.97,45.242,95.7,8.68,0,False,,763.0
3187,109,0.0046918937005102634,164.478,44.232,94.21,8.63,0,False,,763.0
3188,109,0.004713793285191059,164.13,43.649,93.87,8.62,0,False,,763.0
3189,109,0.004693510476499796,164.203,44.415,93.9,8.59,0,False,,763.0
3190,110,0.004811379127204418,161.961,41.709,91.69,8.69,0,False,,763.0
3191,110,0.0046974169090390205,164.404,44.072,94.13,8.69,0,False,,763.0
3192,110,0.004715788643807173,164.307,43.406,94.04,8.63,0,False,,763.0
3193,110,0.004779500886797905,162.083,42.858,91.8,8.71,0,False,,763.0
3194,110,0.004835623782128096,160.934,41.695,90.71,8.79,0,False,,763.0
3195,110,0.004887075163424015,159.827,40.722,89.56,8.84,0,False,,763.0
3196,110,0.004858944099396467,160.523,41.166,90.25,8.81,0,False,,763.0
3197,110,0.004841991234570742,160.641,41.714,90.36,8.79,0,False,,763.0
3198,110,0.004824820440262556,161.682,41.436,91.41,8.72,0,False,,763.0
3199,110,0.00489185331389308,160.024,40.362,89.76,8.83,0,False,,763.0
3200,110,0.004771475680172443,162.557,42.747,92.32,8.72,0,False,,763.0
3201,110,0.0046335263177752495,166.089,45.208,95.83,8.55,0,False,,763.0
3202,110,0.004750097170472145,163.144,43.071,92.89,8.64,0,False,,763.0
3203,110,0.004518356639891863,169.625,46.995,99.33,8.46,0,False,,763.0
3204,110,0.004810237791389227,161.396,42.267,91.14,8.75,0,False,,763.0
3205,110,0.004832539241760969,160.955,41.796,90.69,8.79,0,False,,763.0
3206,110,0.004599951673299074,166.469,46.295,96.2,8.58,0,False,,763.0
3207,110,0.004864625632762909,160.605,40.873,90.34,8.82,0,False,,763.0
3208,110,0.004589882213622332,166.645,46.569,96.4,8.56,0,False,,763.0
3209,110,0.004902159329503775,159.333,40.599,89.06,8.84,0,False,,763.0
3210,110,0.004752655979245901,163.125,42.986,92.85,8.69,0,False,,763.0
3211,110,0.004817968234419823,161.92,41.488,91.62,8.78,0,False,,763.0
3212,110,0.004798666574060917,161.558,42.575,91.31,8.77,0,False,,763.0
3213,110,0.004847818054258823,160.716,41.421,90.42,8.75,0,False,,763.0
3214,110,0.004846586380153894,161.056,41.159,90.76,8.76,0,False,,763.0
3215,110,0.0048178983852267265,161.472,41.898,91.21,8.78,0,False,,763.0
3216,110,0.0046551101841032505,166.076,44.311,95.81,8.54,0,False,,763.0
3217,110,0.004864631686359644,160.377,41.08,90.09,8.81,0,False,,763.0
3218,110,0.004675159230828285,165.398,44.089,95.11,8.59,0,False,,763.0
3219,111,0.004763619974255562,162.489,43.123,92.2,8.71,0,False,,763.0
3220,111,0.004618406295776367,165.987,45.944,95.72,8.6,0,False,,763.0
3221,111,0.00479763513430953,161.817,42.381,91.56,8.79,0,False,,763.0
3222,111,0.004754299763590097,162.396,43.582,92.1,8.73,0,False,,763.0
3223,111,0.004890733864158392,159.786,40.62,89.51,8.82,0,False,,763.0
3224,111,0.004745370242744684,163.094,43.307,92.81,8.71,0,False,,763.0
3225,111,0.004884513095021248,160.181,40.498,89.91,8.85,0,False,,763.0
3226,111,0.004725795704871416,163.549,43.687,93.28,8.71,0,False,,763.0
3227,111,0.004746084567159414,162.921,43.435,92.67,8.72,0,False,,763.0
3228,111,0.004793773405253887,162.156,42.225,91.89,8.69,0,False,,763.0
3229,111,0.004742847755551338,163.632,42.92,93.34,8.64,0,False,,763.0
3230,111,0.004878744017332792,159.98,40.9,89.7,8.82,0,False,,763.0
3231,111,0.0048555308021605015,160.561,41.263,90.29,8.78,0,False,,763.0
3232,111,0.004761761985719204,162.693,43.012,92.42,8.7,0,False,,763.0
3233,111,0.004772606771439314,162.318,42.919,92.07,8.71,0,False,,763.0
3234,111,0.004708493128418922,164.265,43.743,94.03,8.63,0,False,,763.0
3235,111,0.00475473515689373,162.877,43.127,92.59,8.71,0,False,,763.0
3236,111,0.0048224423080682755,161.409,41.777,91.12,8.77,0,False,,763.0
3237,111,0.00483965128660202,161.228,41.271,90.95,8.78,0,False,,763.0
3238,111,0.004767108242958784,162.713,42.78,92.42,8.74,0,False,,763.0
3239,111,0.004821034148335457,161.712,41.557,91.45,8.77,0,False,,763.0
3240,111,0.004881069529801607,159.962,40.828,89.65,8.8,0,False,,763.0
3241,111,0.00462371576577425,165.835,45.856,95.54,8.56,0,False,,763.0
3242,111,0.004753938410431147,163.317,42.759,93.05,8.67,0,False,,763.0
3243,111,0.004741388838738203,163.127,43.438,92.84,8.69,0,False,,763.0
3244,111,0.004830535501241684,161.294,41.566,90.99,8.8,0,False,,763.0
3245,111,0.004798651672899723,161.826,42.333,91.55,8.76,0,False,,763.0
3246,111,0.004886280279606581,159.523,41.029,89.26,8.86,0,False,,763.0
3247,111,0.004865364171564579,160.153,41.256,89.91,8.8,0,False,,763.0
3248,112,0.004815055523067713,161.602,41.891,91.32,8.77,0,False,,763.0
3249,112,0.004831110127270222,161.237,41.595,90.96,8.76,0,False,,763.0
3250,112,0.004806750454008579,162.107,41.758,91.83,8.75,0,False,,763.0
3251,112,0.004902870859950781,159.528,40.394,89.23,8.88,0,False,,763.0
3252,112,0.004782469943165779,162.329,42.516,92.04,8.72,0,False,,763.0
3253,112,0.004834468476474285,161.089,41.599,90.82,8.75,0,False,,763.0
3254,112,0.0046881260350346565,164.25,44.595,94.0,8.67,0,False,,763.0
3255,112,0.00486732879653573,160.161,41.173,89.87,8.82,0,False,,763.0
3256,112,0.004690809175372124,164.779,44.004,94.45,8.67,0,False,,763.0
3257,112,0.004758056718856096,162.86,43.009,92.58,8.71,0,False,,763.0
3258,112,0.004723165649920702,163.178,44.131,92.93,8.71,0,False,,763.0
3259,112,0.004790564998984337,162.561,41.984,92.29,8.73,0,False,,763.0
3260,112,0.004834113642573357,160.923,41.764,90.64,8.81,0,False,,763.0
3261,112,0.004856590647250414,160.477,41.299,90.19,8.81,0,False,,763.0
3262,112,0.004865432158112526,160.528,40.912,90.25,8.76,0,False,,763.0
3263,112,0.004754664376378059,162.99,43.028,92.69,8.72,0,False,,763.0
3264,112,0.004739383701235056,163.229,43.426,92.97,8.67,0,False,,763.0
3265,112,0.004687204025685787,164.869,44.071,94.59,8.63,0,False,,763.0
3266,112,0.004673535469919443,164.554,44.924,94.32,8.61,0,False,,763.0
3267,112,0.0048110606148839,161.621,42.03,91.33,8.75,0,False,,763.0
3268,112,0.004865559283643961,160.51,40.924,90.24,8.8,0,False,,763.0
3269,112,0.004743667785078287,163.607,42.91,93.32,8.67,0,False,,763.0
3270,112,0.004926031921058893,159.156,39.861,88.89,8.87,0,False,,763.0
3271,112,0.004806722979992628,161.49,42.32,91.19,8.78,0,False,,763.0
3272,112,0.004773538559675217,162.324,42.877,92.08,8.8,0,False,,763.0
3273,112,0.004729782696813345,163.459,43.607,93.14,8.68,0,False,,763.0
3274,112,0.004911942407488823,159.33,40.232,89.04,8.91,0,False,,763.0
3275,112,0.0048900507390499115,159.861,40.578,89.58,8.84,0,False,,763.0
3276,112,0.004906531888991594,159.435,40.341,89.17,8.84,0,False,,763.0
3277,113,0.0048010158352553844,162.737,41.412,92.48,8.66,0,False,,763.0
3278,113,0.004798135254532099,161.818,42.36,91.5,8.76,0,False,,763.0
3279,113,0.004843657370656729,160.717,41.581,90.44,8.8,0,False,,763.0
3280,113,0.004705635830760002,163.912,44.181,93.64,8.65,0,False,,763.0
3281,113,0.004895695485174656,159.682,40.527,89.43,8.86,0,False,,763.0
3282,113,0.004768380429595709,162.48,42.941,92.2,8.74,0,False,,763.0
3283,113,0.0047576590441167355,163.045,42.857,92.77,8.69,0,False,,763.0
3284,113,0.004864113871008158,160.274,41.194,90.02,8.85,0,False,,763.0
3285,113,0.004891677759587765,159.59,40.763,89.36,8.9,0,False,,763.0
3286,113,0.004915356636047363,159.332,40.102,89.07,8.87,0,False,,763.0
3287,113,0.00485849566757679,160.52,41.186,90.27,8.83,0,False,,763.0
3288,113,0.00485237454995513,160.735,41.227,90.45,8.82,0,False,,763.0
3289,113,0.004640839993953705,165.598,45.346,95.33,8.56,0,False,,763.0
3290,113,0.004861894529312849,160.201,41.346,89.92,8.78,0,False,,763.0
3291,113,0.004815672989934683,161.464,41.992,91.2,8.74,0,False,,763.0
3292,113,0.004724797327071428,163.419,43.845,93.15,8.63,0,False,,763.0
3293,113,0.004760472569614649,162.543,43.201,92.28,8.7,0,False,,763.0
3294,113,0.0048088133335113525,162.02,41.756,91.78,8.75,0,False,,763.0
3295,113,0.004728146828711033,164.198,43.001,93.9,8.57,0,False,,763.0
3296,113,0.004939400125294924,158.682,39.793,88.43,8.91,0,False,,763.0
3297,113,0.004882019013166428,160.058,40.705,89.79,8.83,0,False,,763.0
3298,113,0.004642598796635866,165.218,45.617,94.97,8.64,0,False,,763.0
3299,113,0.004744166042655706,163.079,43.37,92.84,8.7,0,False,,763.0
3300,113,0.00489262817427516,159.699,40.628,89.44,8.84,0,False,,763.0
3301,113,0.004728838801383972,164.06,43.098,93.77,8.65,0,False,,763.0
3302,113,0.004844257142394781,161.304,41.024,91.02,8.73,0,False,,763.0
3303,113,0.0048681641928851604,160.398,40.925,90.11,8.81,0,False,,763.0
3304,113,0.004812972154468298,161.712,41.873,91.42,8.74,0,False,,763.0
3305,113,0.004841953981667757,161.014,41.376,90.75,8.78,0,False,,763.0
3306,114,0.004716607742011547,163.767,43.864,93.5,8.65,0,False,,763.0
3307,114,0.004824393428862095,161.267,41.83,91.01,8.77,0,False,,763.0
3308,114,0.0048287902027368546,161.353,41.581,91.09,8.81,0,False,,763.0
3309,114,0.004774939268827438,162.405,42.747,92.15,8.72,0,False,,763.0
3310,114,0.004830942023545504,161.05,41.772,90.8,8.8,0,False,,763.0
3311,114,0.004863432142883539,160.245,41.246,89.97,8.82,0,False,,763.0
3312,114,0.004731360357254744,163.356,43.636,93.11,8.7,0,False,,763.0
3313,114,0.004792002961039543,162.193,42.262,91.88,8.74,0,False,,763.0
3314,114,0.004809865728020668,161.523,42.166,91.25,8.8,0,False,,763.0
3315,114,0.004873337689787149,160.229,40.881,89.94,8.85,0,False,,763.0
3316,114,0.004852078389376402,160.595,41.366,90.3,8.83,0,False,,763.0
3317,114,0.004791819490492344,161.925,42.512,91.64,8.74,0,False,,763.0
3318,114,0.0046507827937603,166.254,44.33,95.99,8.53,0,False,,763.0
3319,114,0.004839761182665825,161.03,41.447,90.76,8.77,0,False,,763.0
3320,114,0.004627487156540155,165.68,45.836,95.4,8.6,0,False,,763.0
3321,114,0.0047233994118869305,163.341,43.974,93.07,8.68,0,False,,763.0
3322,114,0.004823310766369104,160.932,42.177,90.69,8.83,0,False,,763.0
3323,114,0.0048559075221419334,160.577,41.235,90.3,8.78,0,False,,763.0
3324,114,0.0047743539325892925,162.336,42.834,92.03,8.71,0,False,,763.0
3325,114,0.004651143215596676,165.325,45.16,95.05,8.63,0,False,,763.0
3326,114,0.004806892480701208,161.578,42.233,91.3,8.76,0,False,,763.0
3327,114,0.004605046473443508,166.265,46.262,95.97,8.58,0,False,,763.0
3328,114,0.004820285364985466,161.519,41.761,91.19,8.77,0,False,,763.0
3329,114,0.004732287954539061,163.295,43.654,93.02,8.71,0,False,,763.0
3330,114,0.004640162456780672,165.312,45.634,95.05,8.61,0,False,,763.0
3331,114,0.004836206324398518,160.924,41.682,90.62,8.8,0,False,,763.0
3332,114,0.00490562291815877,159.62,40.207,89.38,8.86,0,False,,763.0
3333,114,0.004806989803910255,161.447,42.349,91.17,8.81,0,False,,763.0
3334,114,0.004890019539743662,159.747,40.683,89.47,8.87,0,False,,763.0
3335,115,0.0047668879851698875,162.4,43.073,92.13,8.78,0,False,,763.0
3336,115,0.004765491466969252,162.391,43.138,92.1,8.74,0,False,,763.0
3337,115,0.004829538520425558,161.083,41.797,90.78,8.83,0,False,,763.0
3338,115,0.004846499767154455,160.414,41.746,90.17,8.87,0,False,,763.0
3339,115,0.004911746364086866,159.148,40.405,88.86,8.84,0,False,,763.0
3340,115,0.0045942929573357105,166.329,46.666,96.08,8.62,0,False,,763.0
3341,115,0.004784595686942339,162.797,42.007,92.52,8.72,0,False,,763.0
3342,115,0.004764325451105833,162.482,43.101,92.22,8.74,0,False,,763.0
3343,115,0.004783981014043093,162.096,42.668,91.81,8.76,0,False,,763.0
3344,115,0.0047562262043356895,163.233,42.743,92.97,8.69,0,False,,763.0
3345,115,0.004826822783797979,161.359,41.651,91.09,8.74,0,False,,763.0
3346,115,0.004578493535518646,167.655,46.143,97.35,8.53,0,False,,763.0
3347,115,0.004721584264189005,163.925,43.516,93.67,8.66,0,False,,763.0
3348,115,0.0048152687959373,161.693,41.799,91.39,8.78,0,False,,763.0
3349,115,0.004819176625460386,161.229,42.068,90.96,8.79,0,False,,763.0
3350,115,0.004856336861848831,160.903,40.921,90.64,8.84,0,False,,763.0
3351,115,0.004745845217257738,162.988,43.384,92.74,8.74,0,False,,763.0
3352,115,0.0048276991583406925,161.26,41.708,90.97,8.76,0,False,,763.0
3353,115,0.004796422552317381,162.155,42.122,91.9,8.79,0,False,,763.0
3354,115,0.004802695941179991,161.75,42.242,91.49,8.8,0,False,,763.0
3355,115,0.004720979370176792,163.769,43.683,93.5,8.7,0,False,,763.0
3356,115,0.004789966624230146,162.185,42.35,91.89,8.76,0,False,,763.0
3357,115,0.004835139494389296,161.218,41.456,90.95,8.77,0,False,,763.0
3358,115,0.00478625250980258,162.093,42.581,91.84,8.73,0,False,,763.0
3359,115,0.0048131453804671764,161.556,42.008,91.32,8.76,0,False,,763.0
3360,115,0.0048539950512349606,160.573,41.312,90.31,8.85,0,False,,763.0
3361,115,0.004813315346837044,161.326,42.21,91.05,8.77,0,False,,763.0
3362,115,0.004907269962131977,159.655,40.113,89.38,8.86,0,False,,763.0
3363,115,0.004857054445892572,160.818,40.971,90.52,8.82,0,False,,763.0
3364,116,0.0047469730488955975,163.316,43.041,93.02,8.67,0,False,,763.0
3365,116,0.004548904486000538,167.562,47.519,97.3,8.52,0,False,,763.0
3366,116,0.004734839778393507,163.612,43.262,93.33,8.63,0,False,,763.0
3367,116,0.004803806077688932,161.438,42.482,91.14,8.8,0,False,,763.0
3368,116,0.0046264659613370895,165.621,45.933,95.32,8.61,0,False,,763.0
3369,116,0.004872317425906658,160.333,40.826,90.06,8.84,0,False,,763.0
3370,116,0.004735512658953667,163.163,43.644,92.85,8.75,0,False,,763.0
3371,116,0.0046680998057127,164.975,44.768,94.69,8.65,0,False,,763.0
3372,116,0.004688584245741367,164.617,44.242,94.33,8.67,0,False,,763.0
3373,116,0.004794119857251644,162.033,42.324,91.75,8.75,0,False,,763.0
3374,116,0.004801916424185038,161.642,42.371,91.36,8.84,0,False,,763.0
3375,116,0.004725207109004259,163.603,43.662,93.32,8.7,0,False,,763.0
3376,116,0.004624525550752878,165.709,45.936,95.45,8.62,0,False,,763.0
3377,116,0.004793442320078611,162.098,42.291,91.82,8.74,0,False,,763.0
3378,116,0.004945171996951103,158.478,39.763,88.22,8.88,0,False,,763.0
3379,116,0.004735612776130438,163.51,43.324,93.23,8.71,0,False,,763.0
3380,116,0.004791280720382929,162.138,42.341,91.84,8.75,0,False,,763.0
3381,116,0.0048340121284127235,161.096,41.611,90.84,8.82,0,False,,763.0
3382,116,0.004822264891117811,161.708,41.512,91.44,8.8,0,False,,763.0
3383,116,0.004613539204001427,166.716,45.489,96.42,8.57,0,False,,763.0
3384,116,0.004768571350723505,162.405,43.001,92.15,8.76,0,False,,763.0
3385,116,0.004793535452336073,161.793,42.565,91.53,8.77,0,False,,763.0
3386,116,0.004633014090359211,166.139,45.185,95.88,8.63,0,False,,763.0
3387,116,0.004812595434486866,161.895,41.721,91.64,8.78,0,False,,763.0
3388,116,0.004784529563039541,161.917,42.809,91.64,8.77,0,False,,763.0
3389,116,0.00475009111687541,162.896,43.296,92.66,8.71,0,False,,763.0
3390,116,0.0048412443138659,160.856,41.548,90.59,8.78,0,False,,763.0
3391,116,0.004834652412682772,160.879,41.782,90.61,8.8,0,False,,763.0
3392,116,0.004583427682518959,167.916,45.692,97.61,8.57,0,False,,763.0
3393,117,0.0046820673160254955,164.705,44.433,94.43,8.68,0,False,,763.0
3394,117,0.004848239943385124,160.823,41.307,90.54,8.78,0,False,,763.0
3395,117,0.004895330872386694,159.962,40.286,89.66,8.84,0,False,,763.0
3396,117,0.004545075818896294,168.752,46.606,98.45,8.55,0,False,,763.0
3397,117,0.004761928226798773,162.695,43.004,92.41,8.73,0,False,,763.0
3398,117,0.004774195142090321,162.237,42.929,91.96,8.77,0,False,,763.0
3399,117,0.00466821389272809,164.883,44.847,94.63,8.64,0,False,,763.0
3400,117,0.004455854184925556,170.543,48.983,100.28,8.47,0,False,,763.0
3401,117,0.004646724089980125,165.731,44.976,95.46,8.61,0,False,,763.0
3402,117,0.004708681721240282,163.975,43.999,93.69,8.72,0,False,,763.0
3403,117,0.004632904659956694,165.799,45.498,95.54,8.6,0,False,,763.0
3404,117,0.004508864600211382,168.887,48.089,98.61,8.57,0,False,,763.0
3405,117,0.004796232562512159,162.087,42.191,91.82,8.77,0,False,,763.0
3406,117,0.004851538222283125,160.697,41.294,90.44,8.79,0,False,,763.0
3407,117,0.004315896425396204,174.751,51.773,104.46,8.28,0,False,,763.0
3408,117,0.0046945842914283276,164.388,44.203,94.1,8.64,0,False,,763.0
3409,117,0.004794195294380188,161.993,42.356,91.72,8.78,0,False,,763.0
3410,117,0.00476583419367671,162.556,42.974,92.31,8.78,0,False,,763.0
3411,117,0.004834278486669064,161.296,41.418,91.01,8.82,0,False,,763.0
3412,117,0.004772854503244162,162.701,42.561,92.4,8.73,0,False,,763.0
3413,117,0.0046889930963516235,164.515,44.318,94.21,8.67,0,False,,763.0
3414,117,0.004813849460333586,161.528,42.005,91.22,8.8,0,False,,763.0
3415,117,0.004798923619091511,161.972,42.189,91.72,8.76,0,False,,763.0
3416,117,0.004647247958928347,165.729,44.957,95.44,8.64,0,False,,763.0
3417,117,0.004743603058159351,162.799,43.646,92.53,8.69,0,False,,763.0
3418,117,0.004765812773257494,162.431,43.088,92.14,8.77,0,False,,763.0
3419,117,0.004693865310400724,163.99,44.595,93.73,8.71,0,False,,763.0
3420,117,0.004513118416070938,169.118,47.689,98.85,8.51,0,False,,763.0
3421,117,0.004567432217299938,167.397,46.858,97.14,8.55,0,False,,763.0
3422,118,0.004824125207960606,161.412,41.709,91.13,8.82,0,False,,763.0
3423,118,0.004697850439697504,164.355,44.098,94.06,8.62,0,False,,763.0
3424,118,0.004802484530955553,161.86,42.151,91.58,8.74,0,False,,763.0
3425,118,0.0048452443443238735,161.105,41.166,90.81,8.8,0,False,,763.0
3426,118,0.004705400671809912,164.556,43.606,94.28,8.65,0,False,,763.0
3427,118,0.00470944307744503,164.578,43.419,94.31,8.66,0,False,,763.0
3428,118,0.00488719716668129,159.979,40.579,89.7,8.84,0,False,,763.0
3429,118,0.004873988684266806,160.446,40.659,90.2,8.8,0,False,,763.0
3430,118,0.004820120520889759,161.391,41.885,91.14,8.77,0,False,,763.0
3431,118,0.004740952979773283,163.005,43.566,92.72,8.7,0,False,,763.0
3432,118,0.004748370498418808,163.345,42.958,93.08,8.71,0,False,,763.0
3433,118,0.004656453616917133,164.663,45.539,94.41,8.68,0,False,,763.0
3434,118,0.004850893747061491,160.539,41.463,90.27,8.83,0,False,,763.0
3435,118,0.0048469495959579945,160.562,41.594,90.33,8.84,0,False,,763.0
3436,118,0.004836782347410917,161.012,41.579,90.74,8.75,0,False,,763.0
3437,118,0.00463515892624855,165.797,45.405,95.53,8.61,0,False,,763.0
3438,118,0.004612259101122618,166.446,45.789,96.19,8.55,0,False,,763.0
3439,118,0.004636251833289862,165.339,45.775,95.07,8.71,0,False,,763.0
3440,118,0.004848212469369173,160.912,41.227,90.64,8.8,0,False,,763.0
3441,118,0.00461562117561698,166.497,45.599,96.2,8.54,0,False,,763.0
3442,118,0.004559141118079424,168.216,46.476,97.94,8.53,0,False,,763.0
3443,118,0.004678995348513126,164.571,44.682,94.31,8.66,0,False,,763.0
3444,118,0.00473910104483366,163.623,43.08,93.34,8.71,0,False,,763.0
3445,118,0.004693441092967987,164.056,44.552,93.79,8.72,0,False,,763.0
3446,118,0.004892320837825537,159.729,40.612,89.47,8.84,0,False,,763.0
3447,118,0.004774410743266344,162.476,42.704,92.19,8.74,0,False,,763.0
3448,118,0.004690803587436676,164.315,44.426,94.03,8.69,0,False,,763.0
3449,118,0.004699175711721182,164.465,43.944,94.2,8.64,0,False,,763.0
3450,118,0.004663554951548576,165.18,44.772,94.89,8.67,0,False,,763.0
3451,119,0.004732801578938961,163.64,43.32,93.39,8.7,0,False,,763.0
3452,119,0.004642457701265812,166.118,44.805,95.83,8.58,0,False,,763.0
3453,119,0.004740481730550528,162.94,43.645,92.67,8.71,0,False,,763.0
3454,119,0.004671083297580481,164.267,45.287,94.0,8.68,0,False,,763.0
3455,119,0.004792412277311087,161.996,42.425,91.69,8.7,0,False,,763.0
3456,119,0.004672533832490444,164.817,44.727,94.5,8.65,0,False,,763.0
3457,119,0.004758730065077543,162.84,43.0,92.55,8.72,0,False,,763.0
3458,119,0.004834398161619902,161.045,41.642,90.75,8.79,0,False,,763.0
3459,119,0.004771505482494831,162.426,42.865,92.13,8.75,0,False,,763.0
3460,119,0.004769283812493086,162.56,42.832,92.27,8.7,0,False,,763.0
3461,119,0.0048773689195513725,160.066,40.875,89.82,8.84,0,False,,763.0
3462,119,0.004855406936258078,160.408,41.408,90.11,8.82,0,False,,763.0
3463,119,0.004744263365864754,162.992,43.444,92.72,8.77,0,False,,763.0
3464,119,0.0047762333415448666,162.439,42.664,92.19,8.72,0,False,,763.0
3465,119,0.004588935524225235,166.974,46.311,96.71,8.64,0,False,,763.0
3466,119,0.004771753214299679,162.275,42.992,92.04,8.78,0,False,,763.0
3467,119,0.00474652461707592,163.073,43.279,92.82,8.72,0,False,,763.0
3468,119,0.004813895095139742,161.879,41.684,91.58,8.76,0,False,,763.0
3469,119,0.004702373407781124,163.836,44.384,93.61,8.68,0,False,,763.0
3470,119,0.00488240597769618,159.701,41.014,89.42,8.83,0,False,,763.0
3471,119,0.004808325320482254,161.737,42.033,91.48,8.77,0,False,,763.0
3472,119,0.004676210694015026,165.014,44.394,94.76,8.62,0,False,,763.0
3473,119,0.004879876971244812,159.952,40.883,89.67,8.85,0,False,,763.0
3474,119,0.004802015610039234,161.613,42.393,91.31,8.77,0,False,,763.0
3475,119,0.0047726877965033054,162.873,42.412,92.61,8.72,0,False,,763.0
3476,119,0.004753005690872669,162.875,43.198,92.6,8.69,0,False,,763.0
3477,119,0.004764905199408531,162.723,42.858,92.44,8.72,0,False,,763.0
3478,119,0.004688376560807228,164.436,44.415,94.14,8.62,0,False,,763.0
3479,119,0.0048192646354436874,161.383,41.925,91.16,8.75,0,False,,763.0
3480,120,0.004731195978820324,163.283,43.709,93.01,8.71,0,False,,763.0
3481,120,0.004801671486347914,161.781,42.254,91.51,8.77,0,False,,763.0
3482,120,0.004775626584887505,162.187,42.917,91.92,8.73,0,False,,763.0
3483,120,0.004824329167604446,161.168,41.923,90.9,8.81,0,False,,763.0
3484,120,0.004840353969484568,160.49,41.915,90.24,8.84,0,False,,763.0
3485,120,0.004576126579195261,167.29,46.578,96.98,8.51,0,False,,763.0
3486,120,0.004802708048373461,162.029,41.988,91.77,8.74,0,False,,763.0
3487,120,0.004861786495894194,160.111,41.431,89.83,8.85,0,False,,763.0
3488,120,0.00481207063421607,161.221,42.354,90.93,8.77,0,False,,763.0
3489,120,0.004701370373368263,164.305,43.999,94.03,8.61,0,False,,763.0
3490,120,0.004731624387204647,163.374,43.609,93.09,8.76,0,False,,763.0
3491,120,0.004763863980770111,162.308,43.278,92.03,8.74,0,False,,763.0
3492,120,0.0046583302319049835,165.629,44.582,95.37,8.58,0,False,,763.0
3493,120,0.004806601908057928,161.654,42.176,91.39,8.77,0,False,,763.0
3494,120,0.004812710918486118,161.368,42.195,91.08,8.75,0,False,,763.0
3495,120,0.004827085416764021,161.313,41.683,91.05,8.79,0,False,,763.0
3496,120,0.004653440788388252,165.45,44.95,95.18,8.67,0,False,,763.0
3497,120,0.00473796809092164,163.147,43.558,92.89,8.69,0,False,,763.0
3498,120,0.004642076324671507,165.134,45.716,94.87,8.67,0,False,,763.0
3499,120,0.004815022461116314,161.4,42.076,91.13,8.85,0,False,,763.0
3500,120,0.004872581921517849,159.896,41.212,89.63,8.88,0,False,,763.0
3501,120,0.004751158878207207,163.153,43.02,92.87,8.68,0,False,,763.0
3502,120,0.0046852873638272285,164.659,44.341,94.39,8.64,0,False,,763.0
3503,120,0.004701043013483286,164.042,44.252,93.79,8.68,0,False,,763.0
3504,120,0.00470782769843936,163.849,44.148,93.59,8.68,0,False,,763.0
3505,120,0.004738618154078722,163.206,43.478,92.93,8.7,0,False,,763.0
3506,120,0.004843838978558779,160.751,41.543,90.48,8.81,0,False,,763.0
3507,120,0.004839994944632053,160.726,41.714,90.47,8.8,0,False,,763.0
3508,120,0.004990131128579378,157.754,38.765,87.48,8.96,0,False,,763.0
3509,121,0.004757391754537821,162.667,43.211,92.37,8.69,0,False,,763.0
3510,121,0.004795542452484369,161.484,42.767,91.2,8.78,0,False,,763.0
3511,121,0.004686251748353243,164.204,44.714,93.92,8.67,0,False,,763.0
3512,121,0.004754548892378807,162.924,43.092,92.67,8.75,0,False,,763.0
3513,121,0.004815395921468735,161.518,41.954,91.27,8.81,0,False,,763.0
3514,121,0.004787207581102848,162.539,42.138,92.26,8.76,0,False,,763.0
3515,121,0.00492494460195303,158.982,40.06,88.71,8.88,0,False,,763.0
3516,121,0.004726598039269447,163.36,43.826,93.08,8.69,0,False,,763.0
3517,121,0.004699630197137594,164.239,44.131,93.94,8.63,0,False,,763.0
3518,121,0.004731914959847927,163.201,43.755,92.94,8.69,0,False,,763.0
3519,121,0.004696818068623543,164.147,44.33,93.88,8.66,0,False,,763.0
3520,121,0.004832270089536905,160.941,41.819,90.66,8.76,0,False,,763.0
3521,121,0.004691175650805235,164.397,44.336,94.09,8.64,0,False,,763.0
3522,121,0.004856667947024107,160.495,41.279,90.25,8.83,0,False,,763.0
3523,121,0.0046181995421648026,165.875,46.054,95.58,8.63,0,False,,763.0
3524,121,0.004601769149303436,166.751,45.961,96.46,8.56,0,False,,763.0
3525,121,0.00489141745492816,159.438,40.911,89.18,8.88,0,False,,763.0
3526,121,0.004903186112642288,159.529,40.381,89.25,8.88,0,False,,763.0
3527,121,0.004894756246358156,159.737,40.512,89.46,8.86,0,False,,763.0
3528,121,0.004829389043152332,160.802,42.058,90.53,8.77,0,False,,763.0
3529,121,0.004772929009050131,162.359,42.869,92.11,8.73,0,False,,763.0
3530,121,0.004666972439736128,164.558,45.194,94.3,8.67,0,False,,763.0
3531,121,0.004761527292430401,162.705,43.01,92.44,8.71,0,False,,763.0
3532,121,0.004283903166651726,175.814,52.38,105.55,8.21,0,False,,763.0
3533,121,0.004812004044651985,161.452,42.147,91.19,8.79,0,False,,763.0
3534,121,0.0047455294989049435,162.848,43.524,92.57,8.7,0,False,,763.0
3535,121,0.004811390768736601,161.231,42.372,90.98,8.78,0,False,,763.0
3536,121,0.004748595412820578,163.17,43.107,92.89,8.71,0,False,,763.0
3537,121,0.0046900855377316475,164.204,44.556,93.94,8.7,0,False,,763.0
3538,122,0.004843899980187416,161.051,41.267,90.74,8.77,0,False,,763.0
3539,122,0.00460239639505744,166.269,46.372,95.95,8.61,0,False,,763.0
3540,122,0.004907181486487389,159.287,40.451,89.02,8.87,0,False,,763.0
3541,122,0.004788718651980162,161.857,42.697,91.58,8.72,0,False,,763.0
3542,122,0.004712098743766546,163.684,44.123,93.41,8.64,0,False,,763.0
3543,122,0.0047807227820158005,162.718,42.232,92.42,8.77,0,False,,763.0
3544,122,0.004867480602115393,160.298,41.043,90.0,8.84,0,False,,763.0
3545,122,0.004668933805078268,165.199,44.529,94.88,8.63,0,False,,763.0
3546,122,0.0049747321754693985,157.879,39.215,87.59,8.93,0,False,,763.0
3547,122,0.004824335221201181,161.113,41.972,90.83,8.81,0,False,,763.0
3548,122,0.004808001220226288,161.611,42.16,91.35,8.81,0,False,,763.0
3549,122,0.004843408241868019,160.957,41.372,90.69,8.77,0,False,,763.0
3550,122,0.004794867243617773,161.666,42.628,91.39,8.76,0,False,,763.0
3551,122,0.0048251342959702015,160.966,42.075,90.72,8.81,0,False,,763.0
3552,122,0.004888997878879309,159.81,40.664,89.54,8.85,0,False,,763.0
3553,122,0.00483697559684515,161.195,41.405,90.93,8.8,0,False,,763.0
3554,122,0.004769513383507729,162.531,42.849,92.25,8.73,0,False,,763.0
3555,122,0.004649932496249676,165.688,44.881,95.42,8.59,0,False,,763.0
3556,122,0.004876140970736742,160.025,40.959,89.73,8.83,0,False,,763.0
3557,122,0.004794074688106775,161.739,42.592,91.48,8.78,0,False,,763.0
3558,122,0.004813020583242178,161.603,41.97,91.31,8.74,0,False,,763.0
3559,122,0.004763596225529909,162.781,42.858,92.49,8.77,0,False,,763.0
3560,122,0.004729638807475567,163.495,43.579,93.22,8.75,0,False,,763.0
3561,122,0.004869689699262381,160.047,41.186,89.79,8.83,0,False,,763.0
3562,122,0.004921437706798315,159.135,40.052,88.89,8.89,0,False,,763.0
3563,122,0.0047929962165653706,161.515,42.839,91.24,8.78,0,False,,763.0
3564,122,0.004866748116910458,160.161,41.195,89.9,8.83,0,False,,763.0
3565,122,0.004737594164907932,163.125,43.594,92.88,8.7,0,False,,763.0
3566,122,0.004821454640477896,161.763,41.494,91.49,8.79,0,False,,763.0
3567,123,0.004824496805667877,161.125,41.955,90.86,8.78,0,False,,763.0
3568,123,0.00476153613999486,162.94,42.797,92.65,8.74,0,False,,763.0
3569,123,0.004786841105669737,162.537,42.153,92.28,8.72,0,False,,763.0
3570,123,0.004920936189591885,158.899,40.286,88.61,8.9,0,False,,763.0
3571,123,0.004808703903108835,161.612,42.131,91.38,8.78,0,False,,763.0
3572,123,0.004885273054242134,160.153,40.494,89.88,8.84,0,False,,763.0
3573,123,0.004900537431240082,159.566,40.448,89.31,8.88,0,False,,763.0
3574,123,0.004160579759627581,178.721,56.028,108.44,8.36,0,False,,763.0
3575,123,0.004860773216933012,160.548,41.073,90.26,8.82,0,False,,763.0
3576,123,0.004879630170762539,159.978,40.869,89.72,8.84,0,False,,763.0
3577,123,0.004919327329844236,159.114,40.151,88.84,8.86,0,False,,763.0
3578,123,0.0048074256628751755,161.578,42.212,91.3,8.79,0,False,,763.0
3579,123,0.004640989471226931,165.336,45.578,95.07,8.65,0,False,,763.0
3580,123,0.003480355255305767,202.866,76.782,132.6,8.06,0,False,,763.0
3581,123,0.004959185607731342,158.224,39.474,87.95,8.91,0,False,,763.0
3582,123,0.0047861263155937195,161.822,42.832,91.54,8.77,0,False,,763.0
3583,123,0.004699332173913717,164.32,44.069,94.04,8.69,0,False,,763.0
3584,123,0.004758824594318867,162.493,43.312,92.22,8.75,0,False,,763.0
3585,123,0.0048814876936376095,160.469,40.351,90.2,8.85,0,False,,763.0
3586,123,0.004868192132562399,160.324,40.992,90.1,8.81,0,False,,763.0
3587,123,0.004826642107218504,161.296,41.716,90.99,8.8,0,False,,763.0
3588,123,0.004459252581000328,170.782,48.609,100.54,8.44,0,False,,763.0
3589,123,0.00492830341681838,159.111,39.817,88.83,8.87,0,False,,763.0
3590,123,0.00458865100517869,166.796,46.485,96.5,8.52,0,False,,763.0
3591,123,0.004913736134767532,159.266,40.223,88.98,8.89,0,False,,763.0
3592,123,0.004837395623326302,161.029,41.54,90.77,8.81,0,False,,763.0
3593,123,0.002966849133372307,225.599,101.326,155.34,7.83,0,False,,763.0
3594,123,0.004819219000637531,161.248,42.05,90.98,8.8,0,False,,763.0
3595,123,0.004786000587046146,161.983,42.691,91.71,8.79,0,False,,763.0
3596,124,0.004677990917116404,164.834,44.485,94.56,8.66,0,False,,763.0
3597,124,0.004805563483387232,161.637,42.232,91.35,8.78,0,False,,763.0
3598,124,0.004778566770255566,162.135,42.848,91.84,8.75,0,False,,763.0
3599,124,0.004838367458432913,160.651,41.845,90.37,8.82,0,False,,763.0
3600,124,0.004781163297593594,162.233,42.655,91.96,8.75,0,False,,763.0
3601,124,0.0047833845019340515,161.806,42.955,91.51,8.78,0,False,,763.0
3602,124,0.004777887370437384,162.198,42.818,91.91,8.77,0,False,,763.0
3603,124,0.004894150421023369,159.412,40.831,89.16,8.88,0,False,,763.0
3604,124,0.004734099376946688,163.916,43.016,93.64,8.67,0,False,,763.0
3605,124,0.004915486555546522,159.948,39.537,89.67,8.84,0,False,,763.0
3606,124,0.004887785762548447,159.721,40.792,89.45,8.84,0,False,,763.0
3607,124,0.004907440394163132,159.279,40.448,89.01,8.89,0,False,,763.0
3608,124,0.004816493485122919,161.472,41.953,91.19,8.79,0,False,,763.0
3609,124,0.0047008199617266655,164.273,44.051,94.01,8.63,0,False,,763.0
3610,124,0.004838944878429174,160.869,41.625,90.58,8.78,0,False,,763.0
3611,124,0.004857598803937435,160.515,41.225,90.2,8.83,0,False,,763.0
3612,124,0.004735559690743685,163.183,43.623,92.91,8.7,0,False,,763.0
3613,124,0.004921272397041321,159.038,40.147,88.76,8.89,0,False,,763.0
3614,124,0.004877041559666395,159.769,41.157,89.44,8.86,0,False,,763.0
3615,124,0.00491252401843667,159.081,40.436,88.81,8.89,0,False,,763.0
3616,124,0.004871692042797804,159.911,41.233,89.63,8.85,0,False,,763.0
3617,124,0.0048638563603162766,160.064,41.394,89.78,8.84,0,False,,763.0
3618,124,0.0049433778040111065,158.696,39.632,88.42,8.91,0,False,,763.0
3619,124,0.004660722799599171,165.333,44.751,95.03,8.6,0,False,,763.0
3620,124,0.004572369623929262,167.195,46.827,96.93,8.59,0,False,,763.0
3621,124,0.004805638920515776,162.174,41.74,91.9,8.73,0,False,,763.0
3622,124,0.004576088394969702,168.021,45.915,97.76,8.54,0,False,,763.0
3623,124,0.004723554477095604,162.906,44.363,92.61,8.7,0,False,,763.0
3624,124,0.00464219506829977,164.699,46.106,94.42,8.64,0,False,,763.0
3625,125,0.004919638391584158,159.3,39.97,89.02,8.88,0,False,,763.0
3626,125,0.004557847045361996,167.882,46.836,97.59,8.56,0,False,,763.0
3627,125,0.004824335221201181,161.459,41.658,91.2,8.78,0,False,,763.0
3628,125,0.004769021179527044,162.257,43.118,91.97,8.74,0,False,,763.0
3629,125,0.004889652598649263,159.781,40.666,89.5,8.88,0,False,,763.0
3630,125,0.00494403438642621,158.72,39.586,88.46,8.89,0,False,,763.0
3631,125,0.004799611866474152,162.531,41.654,92.26,8.74,0,False,,763.0
3632,125,0.004850335884839296,161.354,40.743,91.09,8.77,0,False,,763.0
3633,125,0.004603701177984476,167.476,45.219,97.19,8.56,0,False,,763.0
3634,125,0.003410500939935446,206.224,79.08,135.96,8.06,0,False,,763.0
3635,125,0.0048356205224990845,161.524,41.159,91.28,8.81,0,False,,763.0
3636,125,0.004801783245056868,161.844,42.193,91.6,8.75,0,False,,763.0
3637,125,0.004829013254493475,161.117,41.786,90.85,8.79,0,False,,763.0
3638,125,0.004898020997643471,159.801,40.33,89.49,8.87,0,False,,763.0
3639,125,0.004766667261719704,162.231,43.236,91.96,8.74,0,False,,763.0
3640,125,0.004299536347389221,175.031,52.32,104.76,8.25,0,False,,763.0
3641,125,0.004723487421870232,163.495,43.83,93.25,8.73,0,False,,763.0
3642,125,0.004727921448647976,163.275,43.849,93.0,8.69,0,False,,763.0
3643,125,0.00458485446870327,167.139,46.337,96.87,8.56,0,False,,763.0
3644,125,0.004887535236775875,159.501,41.001,89.26,8.88,0,False,,763.0
3645,125,0.004934901837259531,158.984,39.685,88.74,8.91,0,False,,763.0
3646,125,0.004833797458559275,161.321,41.414,91.04,8.76,0,False,,763.0
3647,125,0.004855882376432419,160.566,41.245,90.29,8.82,0,False,,763.0
3648,125,0.004820163361728191,161.769,41.539,91.5,8.76,0,False,,763.0
3649,125,0.004546435084193945,167.767,47.442,97.52,8.52,0,False,,763.0
3650,125,0.004882562439888716,160.084,40.661,89.79,8.84,0,False,,763.0
3651,125,0.004734293092042208,163.21,43.65,92.92,8.72,0,False,,763.0
3652,125,0.004703839775174856,163.779,44.376,93.5,8.7,0,False,,763.0
3653,125,0.004737382754683495,163.52,43.242,93.24,8.72,0,False,,763.0
3654,126,0.004885576199740171,159.862,40.747,89.58,8.84,0,False,,763.0
3655,126,0.004837886430323124,161.022,41.527,90.74,8.79,0,False,,763.0
3656,126,0.004682986997067928,164.793,44.315,94.52,8.61,0,False,,763.0
3657,126,0.004932304844260216,158.869,39.887,88.62,8.92,0,False,,763.0
3658,126,0.004809304140508175,161.987,41.767,91.71,8.71,0,False,,763.0
3659,126,0.0045877485536038876,166.857,46.468,96.61,8.62,0,False,,763.0
3660,126,0.00471074040979147,164.312,43.608,94.05,8.63,0,False,,763.0
3661,126,0.004864963702857494,160.114,41.307,89.84,8.83,0,False,,763.0
3662,126,0.004772935062646866,162.362,42.866,92.11,8.75,0,False,,763.0
3663,126,0.0048548816703259945,160.79,41.08,90.55,8.79,0,False,,763.0
3664,126,0.00495802890509367,158.229,39.512,87.94,8.95,0,False,,763.0
3665,126,0.004905395675450563,159.194,40.603,88.92,8.89,0,False,,763.0
3666,126,0.004906360991299152,159.451,40.333,89.21,8.85,0,False,,763.0
3667,126,0.004862325731664896,160.325,41.216,90.06,8.82,0,False,,763.0
3668,126,0.004887535236775875,159.847,40.687,89.58,8.88,0,False,,763.0
3669,126,0.004915524739772081,159.329,40.098,89.09,8.88,0,False,,763.0
3670,126,0.0046030269004404545,167.864,44.895,97.59,8.56,0,False,,763.0
3671,126,0.004790411330759525,162.624,41.933,92.36,8.73,0,False,,763.0
3672,126,0.0047608232125639915,162.769,42.98,92.51,8.68,0,False,,763.0
3673,126,0.004850736819207668,160.472,41.529,90.18,8.83,0,False,,763.0
3674,126,0.004762326832860708,162.366,43.287,92.08,8.75,0,False,,763.0
3675,126,0.004873506259173155,160.055,41.033,89.78,8.82,0,False,,763.0
3676,126,0.004863549489527941,160.453,41.052,90.17,8.84,0,False,,763.0
3677,126,0.0048600430600345135,160.253,41.37,89.97,8.83,0,False,,763.0
3678,126,0.004839147441089153,160.811,41.67,90.53,8.76,0,False,,763.0
3679,126,0.0048254490830004215,161.605,41.481,91.31,8.76,0,False,,763.0
3680,126,0.0045849839225411415,167.46,46.039,97.17,8.52,0,False,,763.0
3681,126,0.004854025784879923,160.744,41.155,90.46,8.82,0,False,,763.0
3682,126,0.00476122135296464,163.248,42.529,92.98,8.68,0,False,,763.0
3683,127,0.004802901763468981,161.796,42.193,91.53,8.76,0,False,,763.0
3684,127,0.004635541699826717,166.163,45.056,95.88,8.6,0,False,,763.0
3685,127,0.004836466629058123,161.266,41.36,91.01,8.8,0,False,,763.0
3686,127,0.004866794217377901,160.195,41.163,89.94,8.86,0,False,,763.0
3687,127,0.004780767951160669,162.349,42.566,92.09,8.76,0,False,,763.0
3688,127,0.004558693617582321,167.598,47.058,97.32,8.6,0,False,,763.0
3689,127,0.00482968520373106,161.145,41.734,90.9,8.82,0,False,,763.0
3690,127,0.0049043335020542145,159.747,40.14,89.47,8.84,0,False,,763.0
3691,127,0.004862040746957064,160.046,41.481,89.77,8.85,0,False,,763.0
3692,127,0.00479742931202054,162.65,41.632,92.38,8.73,0,False,,763.0
3693,127,0.004856383427977562,160.433,41.347,90.18,8.86,0,False,,763.0
3694,127,0.004882449749857187,160.296,40.472,90.01,8.82,0,False,,763.0
3695,127,0.00472128065302968,164.164,43.312,93.89,8.66,0,False,,763.0
3696,127,0.004636409226804972,165.615,45.518,95.35,8.64,0,False,,763.0
3697,127,0.0046959915198385715,164.075,44.43,93.81,8.67,0,False,,763.0
3698,127,0.004610670264810324,166.405,45.894,96.14,8.59,0,False,,763.0
3699,127,0.004819560330361128,161.221,42.06,90.96,8.79,0,False,,763.0
3700,127,0.004901016131043434,159.304,40.668,89.04,8.89,0,False,,763.0
3701,127,0.004914517514407635,159.186,40.266,88.91,8.9,0,False,,763.0
3702,127,0.004842360038310289,160.798,41.557,90.56,8.8,0,False,,763.0
3703,127,0.004582081455737352,167.088,46.503,96.81,8.56,0,False,,763.0
3704,127,0.004789554513990879,162.048,42.49,91.77,8.78,0,False,,763.0
3705,127,0.004843583330512047,160.57,41.717,90.28,8.8,0,False,,763.0
3706,127,0.0048925308510661125,159.571,40.747,89.3,8.87,0,False,,763.0
3707,127,0.004806850105524063,162.122,41.74,91.89,8.74,0,False,,763.0
3708,127,0.004846103023737669,160.807,41.404,90.55,8.85,0,False,,763.0
3709,127,0.004705519415438175,164.004,44.102,93.73,8.67,0,False,,763.0
3710,127,0.004699777811765671,164.075,44.274,93.81,8.69,0,False,,763.0
3711,127,0.004679247736930847,164.644,44.606,94.37,8.63,0,False,,763.0
3712,128,0.0047468082047998905,163.617,42.773,93.34,8.66,0,False,,763.0
3713,128,0.004495380446314812,168.809,48.765,98.54,8.51,0,False,,763.0
3714,128,0.004793912172317505,161.971,42.388,91.69,8.75,0,False,,763.0
3715,128,0.004829364363104105,160.676,42.173,90.42,8.84,0,False,,763.0
3716,128,0.004790131933987141,161.767,42.723,91.46,8.77,0,False,,763.0
3717,128,0.004699699580669403,163.708,44.611,93.46,8.71,0,False,,763.0
3718,128,0.004778615199029446,162.387,42.617,92.11,8.73,0,False,,763.0
3719,128,0.004849413875490427,160.616,41.45,90.36,8.81,0,False,,763.0
3720,128,0.004729629959911108,163.809,43.295,93.56,8.66,0,False,,763.0
3721,128,0.00487438403069973,160.05,41.004,89.78,8.82,0,False,,763.0
3722,128,0.004591592121869326,167.571,45.653,97.28,8.49,0,False,,763.0
3723,128,0.004598887171596289,166.254,46.536,95.98,8.55,0,False,,763.0
3724,128,0.004837815649807453,160.978,41.57,90.69,8.79,0,False,,763.0
3725,128,0.004832111299037933,160.873,41.887,90.62,8.81,0,False,,763.0
3726,128,0.004796087741851807,162.283,42.018,92.01,8.73,0,False,,763.0
3727,128,0.0048074135556817055,161.501,42.283,91.21,8.76,0,False,,763.0
3728,128,0.004766095895320177,162.613,42.911,92.35,8.73,0,False,,763.0
3729,128,0.004730445332825184,163.294,43.73,93.02,8.74,0,False,,763.0
3730,128,0.00489416578784585,159.721,40.549,89.45,8.87,0,False,,763.0
3731,128,0.004538260400295258,168.706,46.948,98.44,8.54,0,False,,763.0
3732,128,0.004599230829626322,166.95,45.889,96.67,8.54,0,False,,763.0
3733,128,0.004910058341920376,159.212,40.41,88.93,8.88,0,False,,763.0
3734,128,0.00478350417688489,162.046,42.733,91.77,8.76,0,False,,763.0
3735,128,0.004753977060317993,162.815,43.214,92.56,8.73,0,False,,763.0
3736,128,0.004931039642542601,158.911,39.896,88.63,8.9,0,False,,763.0
3737,128,0.004778491798788309,162.708,42.33,92.47,8.76,0,False,,763.0
3738,128,0.004798045381903648,161.865,42.321,91.59,8.74,0,False,,763.0
3739,128,0.004802366718649864,161.996,42.031,91.74,8.8,0,False,,763.0
3740,128,0.004547765478491783,167.387,47.729,97.11,8.54,0,False,,763.0
3741,129,0.004773254506289959,162.444,42.779,92.16,8.73,0,False,,763.0
3742,129,0.0049126287922263145,159.168,40.354,88.93,8.86,0,False,,763.0
3743,129,0.0042256927117705345,177.566,53.71,107.3,8.23,0,False,,763.0
3744,129,0.004729348234832287,163.625,43.473,93.36,8.69,0,False,,763.0
3745,129,0.004862313158810139,160.305,41.235,90.02,8.81,0,False,,763.0
3746,129,0.004698345437645912,164.507,43.94,94.24,8.66,0,False,,763.0
3747,129,0.00481786485761404,161.746,41.65,91.46,8.78,0,False,,763.0
3748,129,0.004856967832893133,160.666,41.113,90.38,8.81,0,False,,763.0
3749,129,0.004813299980014563,161.55,42.007,91.26,8.78,0,False,,763.0
3750,129,0.004754587076604366,162.797,43.206,92.52,8.75,0,False,,763.0
3751,129,0.004746373742818832,163.079,43.28,92.8,8.7,0,False,,763.0
3752,129,0.004628506023436785,165.45,46.003,95.18,8.68,0,False,,763.0
3753,129,0.004826828837394714,161.218,41.78,90.95,8.78,0,False,,763.0
3754,129,0.004872712306678295,160.312,40.83,90.03,8.8,0,False,,763.0
3755,129,0.004832894541323185,161.093,41.657,90.79,8.79,0,False,,763.0
3756,129,0.004833552520722151,160.942,41.768,90.69,8.81,0,False,,763.0
3757,129,0.004389285575598478,172.202,50.569,101.92,8.35,0,False,,763.0
3758,129,0.0046211895532906055,166.022,45.793,95.76,8.52,0,False,,763.0
3759,129,0.004793065600097179,162.079,42.324,91.78,8.76,0,False,,763.0
3760,129,0.004944185260683298,158.594,39.695,88.3,8.93,0,False,,763.0
3761,129,0.004703573416918516,164.148,44.051,93.85,8.67,0,False,,763.0
3762,129,0.004849817603826523,161.249,40.858,90.98,8.82,0,False,,763.0
3763,129,0.00476666446775198,162.273,43.198,92.03,8.73,0,False,,763.0
3764,129,0.004791187588125467,162.097,42.381,91.81,8.76,0,False,,763.0
3765,129,0.004777854774147272,162.746,42.321,92.5,8.71,0,False,,763.0
3766,129,0.004746226128190756,162.782,43.556,92.5,8.7,0,False,,763.0
3767,129,0.00481824204325676,161.187,42.143,90.91,8.78,0,False,,763.0
3768,129,0.00491388188675046,159.153,40.32,88.89,8.83,0,False,,763.0
3769,129,0.004665827378630638,165.114,44.737,94.83,8.62,0,False,,763.0
3770,130,0.0045441873371601105,168.207,47.14,97.94,8.53,0,False,,763.0
3771,130,0.004786447621881962,162.221,42.456,91.91,8.73,0,False,,763.0
3772,130,0.004772066604346037,162.615,42.671,92.32,8.74,0,False,,763.0
3773,130,0.004656632896512747,165.077,45.155,94.83,8.62,0,False,,763.0
3774,130,0.004856989253312349,160.473,41.287,90.2,8.76,0,False,,763.0
3775,130,0.004840513691306114,160.904,41.532,90.61,8.82,0,False,,763.0
3776,130,0.0049061244353652,159.266,40.51,89.01,8.84,0,False,,763.0
3777,130,0.004902133718132973,159.51,40.439,89.26,8.88,0,False,,763.0
3778,130,0.0048318784683942795,160.946,41.83,90.68,8.81,0,False,,763.0
3779,130,0.004727230407297611,164.263,42.979,93.99,8.63,0,False,,763.0
3780,130,0.0048224967904388905,161.317,41.858,91.03,8.83,0,False,,763.0
3781,130,0.0049010757356882095,159.603,40.394,89.33,8.83,0,False,,763.0
3782,130,0.004861845169216394,160.511,41.066,90.23,8.8,0,False,,763.0
3783,130,0.004759706556797028,162.997,42.818,92.72,8.69,0,False,,763.0
3784,130,0.0047490946017205715,162.974,43.266,92.71,8.7,0,False,,763.0
3785,130,0.004610155243426561,166.436,45.887,96.17,8.58,0,False,,763.0
3786,130,0.004786405712366104,162.117,42.553,91.84,8.73,0,False,,763.0
3787,130,0.004847703967243433,160.653,41.482,90.35,8.81,0,False,,763.0
3788,130,0.004827952478080988,161.094,41.848,90.81,8.77,0,False,,763.0
3789,130,0.004843986127525568,160.684,41.598,90.37,8.8,0,False,,763.0
3790,130,0.004836300853639841,160.993,41.615,90.73,8.79,0,False,,763.0
3791,130,0.0048333751037716866,161.241,41.503,90.96,8.78,0,False,,763.0
3792,130,0.004815137945115566,162.257,41.292,91.98,8.76,0,False,,763.0
3793,130,0.004746226128190756,163.806,42.625,93.51,8.62,0,False,,763.0
3794,130,0.0049073235131800175,159.245,40.484,88.97,8.9,0,False,,763.0
3795,130,0.0048700254410505295,160.203,41.031,89.91,8.83,0,False,,763.0
3796,130,0.004733641166239977,163.481,43.43,93.19,8.7,0,False,,763.0
3797,130,0.0047011966817080975,164.313,43.999,94.04,8.62,0,False,,763.0
3798,130,0.004790537990629673,161.929,42.56,91.65,8.76,0,False,,763.0
3799,131,0.004854390397667885,160.438,41.419,90.16,8.82,0,False,,763.0
3800,131,0.004861557390540838,160.447,41.135,90.17,8.83,0,False,,763.0
3801,131,0.004912473261356354,159.089,40.431,88.85,8.86,0,False,,763.0
3802,131,0.004735762253403664,163.187,43.611,92.9,8.69,0,False,,763.0
3803,131,0.004912907257676125,159.413,40.121,89.14,8.88,0,False,,763.0
3804,131,0.004752999637275934,162.815,43.253,92.56,8.72,0,False,,763.0
3805,131,0.004455349408090115,170.058,49.447,99.77,8.48,0,False,,763.0
3806,131,0.00469242176041007,164.286,44.385,94.02,8.62,0,False,,763.0
3807,131,0.0047835009172558784,162.347,42.459,92.07,8.74,0,False,,763.0
3808,131,0.004693628754466772,164.545,44.1,94.29,8.69,0,False,,763.0
3809,131,0.0048524425365030766,160.375,41.552,90.12,8.85,0,False,,763.0
3810,131,0.004905004985630512,159.392,40.438,89.12,8.88,0,False,,763.0
3811,131,0.004839331842958927,160.875,41.604,90.61,8.78,0,False,,763.0
3812,131,0.004890866111963987,159.813,40.591,89.49,8.83,0,False,,763.0
3813,131,0.004844521172344685,160.624,41.632,90.35,8.8,0,False,,763.0
3814,131,0.004772126208990812,162.9,42.409,92.62,8.71,0,False,,763.0
3815,131,0.004665416665375233,164.954,44.899,94.68,8.66,0,False,,763.0
3816,131,0.004731662571430206,162.929,44.012,92.65,8.72,0,False,,763.0
3817,131,0.004822795279324055,161.1,42.045,90.82,8.76,0,False,,763.0
3818,131,0.004893415607511997,159.465,40.81,89.2,8.86,0,False,,763.0
3819,131,0.004839153494685888,161.131,41.379,90.84,8.78,0,False,,763.0
3820,131,0.004665382672101259,165.212,44.666,94.91,8.59,0,False,,763.0
3821,131,0.004770038183778524,162.315,43.025,92.02,8.76,0,False,,763.0
3822,131,0.004827754106372595,160.966,41.972,90.69,8.8,0,False,,763.0
3823,131,0.004643898922950029,165.128,45.644,94.86,8.61,0,False,,763.0
3824,131,0.004860702436417341,160.244,41.353,89.95,8.82,0,False,,763.0
3825,131,0.004968929570168257,158.127,39.203,87.86,8.92,0,False,,763.0
3826,131,0.004833963233977556,161.046,41.658,90.77,8.75,0,False,,763.0
3827,131,0.004771624691784382,162.45,42.839,92.2,8.7,0,False,,763.0
3828,132,0.004842765629291534,161.072,41.292,90.81,8.78,0,False,,763.0
3829,132,0.004779755137860775,162.338,42.616,92.03,8.75,0,False,,763.0
3830,132,0.0046834698878228664,164.105,44.92,93.82,8.72,0,False,,763.0
3831,132,0.004698912613093853,164.865,43.591,94.57,8.61,0,False,,763.0
3832,132,0.0048414599150419235,160.775,41.613,90.5,8.8,0,False,,763.0
3833,132,0.004841659218072891,160.802,41.581,90.52,8.79,0,False,,763.0
3834,132,0.004800810478627682,161.782,42.287,91.52,8.77,0,False,,763.0
3835,132,0.004603521432727575,166.093,46.484,95.82,8.6,0,False,,763.0
3836,132,0.004878120496869087,160.324,40.612,90.05,8.81,0,False,,763.0
3837,132,0.004862356465309858,160.223,41.308,89.95,8.81,0,False,,763.0
3838,132,0.004701840225607157,164.128,44.14,93.86,8.67,0,False,,763.0
3839,132,0.0047538611106574535,163.067,42.99,92.81,8.71,0,False,,763.0
3840,132,0.004852921236306429,160.636,41.296,90.39,8.82,0,False,,763.0
3841,132,0.0045943791046738625,166.586,46.429,96.31,8.56,0,False,,763.0
3842,132,0.004879162646830082,160.142,40.738,89.87,8.84,0,False,,763.0
3843,132,0.004762368276715279,162.845,42.849,92.59,8.68,0,False,,763.0
3844,132,0.004869574680924416,159.883,41.339,89.6,8.83,0,False,,763.0
3845,132,0.004397534765303135,171.242,51.052,100.96,8.41,0,False,,763.0
3846,132,0.004887704737484455,159.802,40.721,89.54,8.85,0,False,,763.0
3847,132,0.004858937580138445,160.333,41.339,90.08,8.85,0,False,,763.0
3848,132,0.004816475324332714,161.81,41.646,91.52,8.74,0,False,,763.0
3849,132,0.004867741372436285,160.48,40.868,90.21,8.79,0,False,,763.0
3850,132,0.004666355438530445,164.506,45.267,94.22,8.64,0,False,,763.0
3851,132,0.004775444511324167,162.122,42.984,91.86,8.76,0,False,,763.0
3852,132,0.004619496874511242,166.469,45.459,96.18,8.55,0,False,,763.0
3853,132,0.004958083853125572,158.252,39.49,87.97,8.9,0,False,,763.0
3854,132,0.004850785713642836,160.277,41.705,90.01,8.82,0,False,,763.0
3855,132,0.0048172809183597565,161.609,41.797,91.34,8.75,0,False,,763.0
3856,132,0.0048514120280742645,160.571,41.413,90.29,8.81,0,False,,763.0
3857,133,0.004443732555955648,171.269,48.879,101.03,8.4,0,False,,763.0
3858,133,0.004670639988034964,165.189,44.468,94.91,8.61,0,False,,763.0
3859,133,0.004745863378047943,163.068,43.311,92.81,8.7,0,False,,763.0
3860,133,0.004830734338611364,160.73,42.071,90.45,8.81,0,False,,763.0
3861,133,0.004749254323542118,162.857,43.366,92.63,8.74,0,False,,763.0
3862,133,0.004799940157681704,161.823,42.284,91.54,8.74,0,False,,763.0
3863,133,0.004778491798788309,162.391,42.619,92.11,8.72,0,False,,763.0
3864,133,0.004825165029615164,161.195,41.865,90.9,8.83,0,False,,763.0
3865,133,0.004810126032680273,161.347,42.316,91.06,8.78,0,False,,763.0
3866,133,0.004817035049200058,161.215,42.165,90.91,8.79,0,False,,763.0
3867,133,0.0047030458226799965,164.544,43.713,94.27,8.63,0,False,,763.0
3868,133,0.0048834653571248055,160.088,40.623,89.83,8.85,0,False,,763.0
3869,133,0.004817658104002476,161.224,42.132,90.96,8.83,0,False,,763.0
3870,133,0.004865106660872698,160.837,40.644,90.55,8.78,0,False,,763.0
3871,133,0.004840470850467682,160.828,41.603,90.57,8.78,0,False,,763.0
3872,133,0.0046966359950602055,164.353,44.151,94.06,8.64,0,False,,763.0
3873,133,0.004653851967304945,164.991,45.35,94.74,8.62,0,False,,763.0
3874,133,0.004666915163397789,165.325,44.499,95.08,8.62,0,False,,763.0
3875,133,0.004640035331249237,165.729,45.261,95.43,8.61,0,False,,763.0
3876,133,0.004799844231456518,161.522,42.562,91.24,8.77,0,False,,763.0
3877,133,0.004949390422552824,158.63,39.468,88.38,8.89,0,False,,763.0
3878,133,0.004656678531318903,164.839,45.37,94.53,8.64,0,False,,763.0
3879,133,0.00469148438423872,164.408,44.313,94.14,8.63,0,False,,763.0
3880,133,0.004725364968180656,163.674,43.591,93.39,8.63,0,False,,763.0
3881,133,0.004792075138539076,161.82,42.598,91.55,8.76,0,False,,763.0
3882,133,0.004782397765666246,162.153,42.679,91.91,8.75,0,False,,763.0
3883,133,0.004843893926590681,160.875,41.427,90.62,8.79,0,False,,763.0
3884,133,0.004649598151445389,165.144,45.389,94.84,8.61,0,False,,763.0
3885,133,0.004757320508360863,162.506,43.36,92.27,8.7,0,False,,763.0
3886,134,0.004746734164655209,163.08,43.265,92.8,8.69,0,False,,763.0
3887,134,0.004796712193638086,161.689,42.533,91.42,8.76,0,False,,763.0
3888,134,0.00480214599519968,162.001,42.035,91.73,8.73,0,False,,763.0
3889,134,0.004670923575758934,164.727,44.875,94.45,8.62,0,False,,763.0
3890,134,0.004591136239469051,166.231,46.891,95.95,8.53,0,False,,763.0
3891,134,0.0047322907485067844,163.325,43.626,93.05,8.71,0,False,,763.0
3892,134,0.0049238260835409164,159.083,40.01,88.84,8.86,0,False,,763.0
3893,134,0.004869785625487566,160.52,40.752,90.25,8.79,0,False,,763.0
3894,134,0.0047746761702001095,162.347,42.81,92.06,8.74,0,False,,763.0
3895,134,0.0048361048102378845,161.155,41.476,90.89,8.83,0,False,,763.0
3896,134,0.004865872673690319,160.541,40.883,90.28,8.83,0,False,,763.0
3897,134,0.004864328075200319,160.364,41.104,90.1,8.81,0,False,,763.0
3898,134,0.004818674176931381,161.748,41.616,91.46,8.74,0,False,,763.0
3899,134,0.004769849590957165,162.65,42.727,92.39,8.72,0,False,,763.0
3900,134,0.004800472408533096,161.91,42.185,91.64,8.74,0,False,,763.0
3901,134,0.004878993611782789,160.071,40.809,89.79,8.8,0,False,,763.0
3902,134,0.0047268932685256,163.594,43.602,93.32,8.67,0,False,,763.0
3903,134,0.004834976978600025,161.076,41.591,90.81,8.76,0,False,,763.0
3904,134,0.0048881517723202705,159.687,40.809,89.43,8.86,0,False,,763.0
3905,134,0.004847189411520958,160.866,41.308,90.57,8.8,0,False,,763.0
3906,134,0.004915549885481596,159.642,39.813,89.33,8.88,0,False,,763.0
3907,134,0.004859752021729946,160.663,41.008,90.38,8.81,0,False,,763.0
3908,134,0.004880151711404324,159.952,40.873,89.68,8.88,0,False,,763.0
3909,134,0.004754548892378807,163.501,42.567,93.2,8.65,0,False,,763.0
3910,134,0.004512782208621502,168.304,48.444,98.04,8.46,0,False,,763.0
3911,134,0.004377128556370735,172.91,50.501,102.63,8.29,0,False,,763.0
3912,134,0.0048111360520124435,161.784,41.879,91.52,8.72,0,False,,763.0
3913,134,0.004729492124170065,163.242,43.815,92.96,8.67,0,False,,763.0
3914,134,0.004860894288867712,160.354,41.245,90.06,8.86,0,False,,763.0
3915,135,0.0048887599259614944,159.898,40.594,89.63,8.86,0,False,,763.0
3916,135,0.0046959538012743,164.159,44.355,93.87,8.69,0,False,,763.0
3917,135,0.00482230493798852,161.436,41.758,91.16,8.76,0,False,,763.0
3918,135,0.004760624375194311,162.84,42.924,92.56,8.67,0,False,,763.0
3919,135,0.00483362004160881,161.13,41.595,90.85,8.79,0,False,,763.0
3920,135,0.004817147273570299,161.292,42.09,90.99,8.78,0,False,,763.0
3921,135,0.004801641218364239,161.292,42.7,91.04,8.8,0,False,,763.0
3922,135,0.0048210155218839645,161.661,41.604,91.41,8.77,0,False,,763.0
3923,135,0.004768282175064087,162.451,42.971,92.15,8.71,0,False,,763.0
3924,135,0.004781714640557766,162.691,42.218,92.4,8.71,0,False,,763.0
3925,135,0.004777415189892054,162.423,42.632,92.14,8.74,0,False,,763.0
3926,135,0.004661571700125933,165.478,44.583,95.22,8.61,0,False,,763.0
3927,135,0.0048285298980772495,160.895,42.007,90.64,8.79,0,False,,763.0
3928,135,0.004652177914977074,165.63,44.839,95.39,8.67,0,False,,763.0
3929,135,0.004906884860247374,159.553,40.22,89.27,8.87,0,False,,763.0
3930,135,0.00483545521274209,161.41,41.269,91.15,8.75,0,False,,763.0
3931,135,0.0048471251502633095,160.911,41.27,90.66,8.8,0,False,,763.0
3932,135,0.004809082951396704,161.286,42.413,91.01,8.8,0,False,,763.0
3933,135,0.0048437523655593395,160.873,41.435,90.57,8.78,0,False,,763.0
3934,135,0.00492217717692256,159.311,39.865,89.01,8.85,0,False,,763.0
3935,135,0.0047989776358008385,161.996,42.165,91.69,8.73,0,False,,763.0
3936,135,0.004890778101980686,160.122,40.313,89.86,8.84,0,False,,763.0
3937,135,0.0047747245989739895,162.642,42.54,92.37,8.77,0,False,,763.0
3938,135,0.004686735104769468,164.107,44.782,93.81,8.67,0,False,,763.0
3939,135,0.004789719823747873,162.221,42.326,91.96,8.74,0,False,,763.0
3940,135,0.004736518021672964,163.553,43.248,93.23,8.71,0,False,,763.0
3941,135,0.0048501258715987206,160.789,41.265,90.49,8.79,0,False,,763.0
3942,135,0.004662280902266502,165.473,44.558,95.18,8.6,0,False,,763.0
3943,135,0.004815478343516588,161.366,42.089,91.07,8.75,0,False,,763.0
3944,136,0.004824524745345116,161.252,41.839,90.98,8.79,0,False,,763.0
3945,136,0.0047316537238657475,163.56,43.439,93.31,8.65,0,False,,763.0
3946,136,0.004936208017170429,159.059,39.569,88.81,8.88,0,False,,763.0
3947,136,0.004789578728377819,162.102,42.44,91.84,8.75,0,False,,763.0
3948,136,0.004736547823995352,163.364,43.418,93.1,8.68,0,False,,763.0
3949,136,0.004825384821742773,161.275,41.784,91.03,8.78,0,False,,763.0
3950,136,0.00482963677495718,161.341,41.558,91.06,8.77,0,False,,763.0
3951,136,0.004503002390265465,169.849,47.477,99.56,8.49,0,False,,763.0
3952,136,0.004882837645709515,159.983,40.742,89.72,8.83,0,False,,763.0
3953,136,0.0048360154032707214,161.419,41.239,91.11,8.73,0,False,,763.0
3954,136,0.004762549884617329,162.839,42.848,92.57,8.73,0,False,,763.0
3955,136,0.004686836153268814,165.292,43.701,95.03,8.59,0,False,,763.0
3956,136,0.004782467149198055,162.299,42.544,92.03,8.69,0,False,,763.0
3957,136,0.0048410603776574135,160.532,41.849,90.28,8.8,0,False,,763.0
3958,136,0.004836960230022669,161.203,41.398,90.93,8.75,0,False,,763.0
3959,136,0.004771135281771421,162.566,42.752,92.29,8.72,0,False,,763.0
3960,136,0.004797067958861589,162.435,41.841,92.16,8.72,0,False,,763.0
3961,136,0.004878123756498098,160.311,40.624,90.06,8.8,0,False,,763.0
3962,136,0.004757219459861517,163.37,42.579,93.1,8.72,0,False,,763.0
3963,136,0.004875879269093275,160.073,40.925,89.79,8.85,0,False,,763.0
3964,136,0.004876078572124243,160.316,40.697,90.06,8.81,0,False,,763.0
3965,136,0.004868145566433668,160.434,40.894,90.18,8.8,0,False,,763.0
3966,136,0.004805185366421938,162.266,41.675,92.02,8.73,0,False,,763.0
3967,136,0.004737620707601309,163.54,43.215,93.25,8.67,0,False,,763.0
3968,136,0.004795174114406109,162.347,41.996,92.07,8.73,0,False,,763.0
3969,136,0.004616822116076946,166.166,45.848,95.9,8.55,0,False,,763.0
3970,136,0.004746621940284967,163.102,43.249,92.81,8.68,0,False,,763.0
3971,136,0.004784457851201296,162.261,42.499,91.97,8.75,0,False,,763.0
3972,136,0.004895657766610384,159.868,40.359,89.63,8.86,0,False,,763.0
3973,137,0.004922482185065746,159.134,40.014,88.84,8.9,0,False,,763.0
3974,137,0.004920949228107929,159.02,40.176,88.74,8.92,0,False,,763.0
3975,137,0.004676345735788345,164.716,44.661,94.47,8.67,0,False,,763.0
3976,137,0.0046708290465176105,165.794,43.91,95.53,8.66,0,False,,763.0
3977,137,0.004873879719525576,160.328,40.771,90.06,8.82,0,False,,763.0
3978,137,0.004788680002093315,162.056,42.518,91.8,8.76,0,False,,763.0
3979,137,0.004717453382909298,163.844,43.759,93.56,8.69,0,False,,763.0
3980,137,0.004823670722544193,161.461,41.682,91.2,8.79,0,False,,763.0
3981,137,0.004729052539914846,164.315,42.858,94.03,8.63,0,False,,763.0
3982,137,0.0047633107751607895,162.785,42.866,92.56,8.71,0,False,,763.0
3983,137,0.004861501511186361,160.654,40.949,90.37,8.8,0,False,,763.0
3984,137,0.004924153443425894,159.088,39.993,88.82,8.9,0,False,,763.0
3985,137,0.004799865186214447,161.718,42.383,91.42,8.75,0,False,,763.0
3986,137,0.004843958653509617,160.571,41.701,90.29,8.85,0,False,,763.0
3987,137,0.004938844125717878,158.727,39.772,88.49,8.91,0,False,,763.0
3988,137,0.0047268345952034,163.697,43.51,93.41,8.68,0,False,,763.0
3989,137,0.004688857588917017,164.626,44.223,94.35,8.67,0,False,,763.0
3990,137,0.0048554157838225365,160.858,40.997,90.57,8.79,0,False,,763.0
3991,137,0.004817721899598837,161.626,41.764,91.38,8.79,0,False,,763.0
3992,137,0.004817247856408358,161.97,41.471,91.7,8.78,0,False,,763.0
3993,137,0.004714882466942072,163.899,43.814,93.62,8.69,0,False,,763.0
3994,137,0.0047822087071835995,162.417,42.447,92.14,8.76,0,False,,763.0
3995,137,0.004736891482025385,163.273,43.488,93.0,8.7,0,False,,763.0
3996,137,0.004853312857449055,160.917,41.025,90.65,8.84,0,False,,763.0
3997,137,0.004961791913956404,158.288,39.32,88.04,8.93,0,False,,763.0
3998,137,0.004686913453042507,164.578,44.347,94.31,8.65,0,False,,763.0
3999,137,0.004876782651990652,160.136,40.834,89.89,8.85,0,False,,763.0
4000,137,0.004852158483117819,160.644,41.318,90.36,8.83,0,False,,763.0
4001,137,0.004796057939529419,162.097,42.189,91.83,8.74,0,False,,763.0
4002,138,0.004827393684536219,161.662,41.354,91.41,8.8,0,False,,763.0
4003,138,0.004783192183822393,162.847,42.017,92.58,8.73,0,False,,763.0
4004,138,0.0047411504201591015,163.41,43.19,93.15,8.7,0,False,,763.0
4005,138,0.0047904266975820065,162.212,42.307,91.96,8.7,0,False,,763.0
4006,138,0.004805136471986771,161.928,41.984,91.67,8.77,0,False,,763.0
4007,138,0.004423393402248621,171.532,49.581,101.27,8.44,0,False,,763.0
4008,138,0.004780624061822891,161.896,42.983,91.64,8.77,0,False,,763.0
4009,138,0.004535225685685873,168.183,47.557,97.89,8.56,0,False,,763.0
4010,138,0.004830520134419203,160.855,41.966,90.57,8.8,0,False,,763.0
4011,138,0.004884826019406319,159.779,40.852,89.49,8.84,0,False,,763.0
4012,138,0.00493002962321043,158.942,39.906,88.68,8.88,0,False,,763.0
4013,138,0.0048608072102069855,160.418,41.19,90.13,8.8,0,False,,763.0
4014,138,0.004873527679592371,160.194,40.906,89.94,8.83,0,False,,763.0
4015,138,0.004816724918782711,162.018,41.447,91.74,8.76,0,False,,763.0
4016,138,0.004619029816240072,166.308,45.625,96.03,8.52,0,False,,763.0
4017,138,0.00464063324034214,165.747,45.219,95.48,8.64,0,False,,763.0
4018,138,0.004813715815544128,161.889,41.683,91.62,8.8,0,False,,763.0
4019,138,0.004746745806187391,163.273,43.089,92.98,8.79,0,False,,763.0
4020,138,0.0048454320058226585,160.824,41.414,90.55,8.84,0,False,,763.0
4021,138,0.004795650485903025,161.776,42.497,91.49,8.77,0,False,,763.0
4022,138,0.004881937522441149,159.937,40.818,89.69,8.82,0,False,,763.0
4023,138,0.004781471565365791,162.181,42.691,91.87,8.74,0,False,,763.0
4024,138,0.0049398476257920265,158.649,39.806,88.36,8.93,0,False,,763.0
4025,138,0.004886677488684654,159.92,40.653,89.64,8.85,0,False,,763.0
4026,138,0.004861891735345125,160.733,40.862,90.46,8.79,0,False,,763.0
4027,138,0.004776338115334511,162.384,42.71,92.12,8.74,0,False,,763.0
4028,138,0.004885351285338402,160.128,40.514,89.85,8.81,0,False,,763.0
4029,138,0.0047068228013813496,164.318,43.763,94.09,8.7,0,False,,763.0
4030,138,0.004627986811101437,166.187,45.354,95.89,8.62,0,False,,763.0
4031,139,0.004820105154067278,161.355,41.917,91.08,8.74,0,False,,763.0
4032,139,0.004804020747542381,161.531,42.389,91.27,8.76,0,False,,763.0
4033,139,0.004736112430691719,163.733,43.101,93.47,8.71,0,False,,763.0
4034,139,0.004804846365004778,161.817,42.097,91.54,8.75,0,False,,763.0
4035,139,0.0047184922732412815,164.166,43.423,93.91,8.61,0,False,,763.0
4036,139,0.00464246328920126,165.818,45.077,95.53,8.6,0,False,,763.0
4037,139,0.004845591727644205,160.633,41.582,90.35,8.83,0,False,,763.0
4038,139,0.0045548840425908566,168.3,46.586,98.01,8.48,0,False,,763.0
4039,139,0.004815845750272274,161.322,42.114,91.06,8.79,0,False,,763.0
4040,139,0.00477994978427887,162.438,42.518,92.19,8.7,0,False,,763.0
4041,139,0.0048606558702886105,160.743,40.9,90.45,8.78,0,False,,763.0
4042,139,0.004761999938637018,163.13,42.606,92.86,8.71,0,False,,763.0
4043,139,0.004569187760353088,168.037,46.201,97.73,8.48,0,False,,763.0
4044,139,0.004806023556739092,161.793,42.072,91.52,8.79,0,False,,763.0
4045,139,0.004872600082308054,160.135,40.995,89.82,8.83,0,False,,763.0
4046,139,0.004859854467213154,160.533,41.122,90.28,8.79,0,False,,763.0
4047,139,0.0046247635036706924,166.613,45.104,96.31,8.54,0,False,,763.0
4048,139,0.004569795448333025,167.275,46.866,96.98,8.52,0,False,,763.0
4049,139,0.004798452369868755,161.955,42.223,91.68,8.8,0,False,,763.0
4050,139,0.004829132463783026,161.125,41.775,90.89,8.79,0,False,,763.0
4051,139,0.004760555922985077,162.752,43.007,92.46,8.73,0,False,,763.0
4052,139,0.004808104131370783,161.626,42.142,91.38,8.76,0,False,,763.0
4053,139,0.00461961142718792,166.408,45.51,96.11,8.55,0,False,,763.0
4054,139,0.004782001953572035,162.485,42.393,92.24,8.71,0,False,,763.0
4055,139,0.004751694388687611,163.419,42.756,93.14,8.69,0,False,,763.0
4056,139,0.004692346788942814,164.353,44.328,94.08,8.61,0,False,,763.0
4057,139,0.0047890315763652325,162.008,42.548,91.7,8.74,0,False,,763.0
4058,139,0.004873042460530996,160.177,40.94,89.93,8.82,0,False,,763.0
4059,139,0.0046669235453009605,165.098,44.705,94.83,8.65,0,False,,763.0
4060,140,0.004631554242223501,165.819,45.537,95.54,8.6,0,False,,763.0
4061,140,0.004804919008165598,161.862,42.052,91.61,8.74,0,False,,763.0
4062,140,0.004804456140846014,161.921,42.017,91.64,8.76,0,False,,763.0
4063,140,0.004946137312799692,158.412,39.788,88.13,8.92,0,False,,763.0
4064,140,0.004634758923202753,166.433,44.844,96.16,8.56,0,False,,763.0
4065,140,0.004745860118418932,163.197,43.194,92.92,8.71,0,False,,763.0
4066,140,0.004729771055281162,163.742,43.35,93.47,8.64,0,False,,763.0
4067,140,0.0048035793006420135,161.815,42.148,91.56,8.7,0,False,,763.0
4068,140,0.004610121250152588,166.248,46.06,95.97,8.56,0,False,,763.0
4069,140,0.004748175386339426,163.301,43.005,93.01,8.69,0,False,,763.0
4070,140,0.004785712342709303,162.304,42.41,92.01,8.74,0,False,,763.0
4071,140,0.00479237362742424,162.008,42.415,91.75,8.72,0,False,,763.0
4072,140,0.004797695204615593,161.828,42.368,91.55,8.76,0,False,,763.0
4073,140,0.004626053385436535,166.135,45.484,95.84,8.59,0,False,,763.0
4074,140,0.004822990391403437,161.371,41.79,91.11,8.76,0,False,,763.0
4075,140,0.004971859976649284,158.045,39.17,87.81,8.92,0,False,,763.0
4076,140,0.00491690868511796,159.253,40.115,89.0,8.9,0,False,,763.0
4077,140,0.0048249149695038795,161.391,41.697,91.1,8.78,0,False,,763.0
4078,140,0.004764943849295378,162.813,42.776,92.55,8.69,0,False,,763.0
4079,140,0.004891533870249987,159.775,40.6,89.5,8.83,0,False,,763.0
4080,140,0.004542808048427105,168.779,46.682,98.53,8.45,0,False,,763.0
4081,140,0.004853414837270975,160.759,41.165,90.5,8.75,0,False,,763.0
4082,140,0.004835924133658409,160.976,41.645,90.7,8.81,0,False,,763.0
4083,140,0.00481719896197319,161.545,41.858,91.29,8.73,0,False,,763.0
4084,140,0.00480438070371747,161.644,42.273,91.36,8.78,0,False,,763.0
4085,140,0.004637795966118574,165.683,45.397,95.42,8.6,0,False,,763.0
4086,140,0.004753767047077417,163.256,42.822,92.98,8.72,0,False,,763.0
4087,140,0.004806889686733484,161.605,42.208,91.34,8.76,0,False,,763.0
4088,140,0.0047020516358315945,164.08,44.176,93.84,8.7,0,False,,763.0
4089,141,0.004896320402622223,159.625,40.554,89.35,8.87,0,False,,763.0
4090,141,0.004964219406247139,158.25,39.265,87.97,8.94,0,False,,763.0
4091,141,0.004755230154842138,163.096,42.908,92.87,8.67,0,False,,763.0
4092,141,0.00473210820928216,163.676,43.315,93.4,8.66,0,False,,763.0
4093,141,0.004675646312534809,165.059,44.377,94.77,8.64,0,False,,763.0
4094,141,0.004716211464256048,163.675,43.963,93.44,8.72,0,False,,763.0
4095,141,0.004866580478847027,160.48,40.912,90.23,8.79,0,False,,763.0
4096,141,0.004791115410625935,162.051,42.426,91.75,8.79,0,False,,763.0
4097,141,0.004775062203407288,162.343,42.798,92.09,8.76,0,False,,763.0
4098,141,0.004857700318098068,160.645,41.104,90.38,8.78,0,False,,763.0
4099,141,0.004876898135989904,160.041,40.916,89.75,8.8,0,False,,763.0
4100,141,0.004750295076519251,163.189,43.022,92.92,8.7,0,False,,763.0
4101,141,0.004913511220365763,159.332,40.172,89.07,8.89,0,False,,763.0
4102,141,0.004959495272487402,158.263,39.427,87.98,8.92,0,False,,763.0
4103,141,0.004870820790529251,160.294,40.919,90.03,8.8,0,False,,763.0
4104,141,0.0048285117372870445,161.204,41.726,90.95,8.76,0,False,,763.0
4105,141,0.004914824850857258,159.313,40.139,89.03,8.87,0,False,,763.0
4106,141,0.0047414773143827915,163.585,43.018,93.31,8.64,0,False,,763.0
4107,141,0.004725137259811163,163.788,43.497,93.51,8.64,0,False,,763.0
4108,141,0.0047082435339689255,164.642,43.41,94.36,8.64,0,False,,763.0
4109,141,0.004770765546709299,162.346,42.967,92.08,8.75,0,False,,763.0
4110,141,0.004812716972082853,161.76,41.839,91.48,8.76,0,False,,763.0
4111,141,0.004829330835491419,161.152,41.742,90.87,8.76,0,False,,763.0
4112,141,0.004831722006201744,161.067,41.726,90.81,8.76,0,False,,763.0
4113,141,0.0045735700987279415,166.63,47.288,96.34,8.65,0,False,,763.0
4114,141,0.004905159585177898,159.543,40.295,89.25,8.87,0,False,,763.0
4115,141,0.004896150901913643,159.799,40.402,89.52,8.84,0,False,,763.0
4116,141,0.004792424384504557,162.088,42.341,91.8,8.72,0,False,,763.0
4117,141,0.004800970200449228,161.664,42.388,91.37,8.77,0,False,,763.0
4118,142,0.004951073322445154,158.467,39.554,88.19,8.86,0,False,,763.0
4119,142,0.004775175824761391,162.408,42.735,92.13,8.75,0,False,,763.0
4120,142,0.004943403415381908,158.721,39.608,88.49,8.89,0,False,,763.0
4121,142,0.004854968283325434,160.539,41.305,90.26,8.81,0,False,,763.0
4122,142,0.004912647418677807,159.32,40.215,89.02,8.88,0,False,,763.0
4123,142,0.004960156045854092,158.056,39.591,87.78,8.93,0,False,,763.0
4124,142,0.004891655873507261,159.638,40.72,89.37,8.86,0,False,,763.0
4125,142,0.004852565471082926,160.701,41.25,90.42,8.83,0,False,,763.0
4126,142,0.004905553534626961,159.317,40.485,89.06,8.86,0,False,,763.0
4127,142,0.004832747858017683,161.29,41.484,91.0,8.81,0,False,,763.0
4128,142,0.0047174361534416676,163.634,43.95,93.38,8.75,0,False,,763.0
4129,142,0.004702149890363216,164.413,43.869,94.12,8.65,0,False,,763.0
4130,142,0.0048307920806109905,160.798,42.007,90.52,8.79,0,False,,763.0
4131,142,0.004900921601802111,159.322,40.655,89.06,8.85,0,False,,763.0
4132,142,0.0048612626269459724,160.64,40.971,90.36,8.8,0,False,,763.0
4133,142,0.004914248362183571,159.161,40.299,88.89,8.89,0,False,,763.0
4134,142,0.004925323184579611,158.936,40.088,88.64,8.9,0,False,,763.0
4135,142,0.004902628716081381,159.744,40.207,89.47,8.88,0,False,,763.0
4136,142,0.004720012657344341,163.552,43.92,93.29,8.68,0,False,,763.0
4137,142,0.004823829047381878,161.025,42.072,90.74,8.79,0,False,,763.0
4138,142,0.004873344209045172,160.016,41.075,89.73,8.83,0,False,,763.0
4139,142,0.0048476699739694595,160.451,41.667,90.19,8.84,0,False,,763.0
4140,142,0.004816903732717037,161.793,41.645,91.52,8.76,0,False,,763.0
4141,142,0.004843423143029213,160.516,41.772,90.21,8.82,0,False,,763.0
4142,142,0.004839777015149593,161.123,41.362,90.81,8.78,0,False,,763.0
4143,142,0.004884600639343262,159.598,41.025,89.33,8.84,0,False,,763.0
4144,142,0.004789663013070822,162.125,42.417,91.86,8.73,0,False,,763.0
4145,142,0.004764819052070379,162.484,43.08,92.21,8.73,0,False,,763.0
4146,142,0.004919780883938074,159.157,40.094,88.9,8.9,0,False,,763.0
4147,143,0.00468180887401104,164.212,44.891,93.94,8.7,0,False,,763.0
4148,143,0.004909410607069731,159.477,40.194,89.2,8.83,0,False,,763.0
4149,143,0.004732572473585606,163.465,43.488,93.17,8.63,0,False,,763.0
4150,143,0.004765369463711977,162.755,42.811,92.5,8.7,0,False,,763.0
4151,143,0.0048926156014204025,159.477,40.83,89.24,8.84,0,False,,763.0
4152,143,0.004963237792253494,158.169,39.375,87.88,8.95,0,False,,763.0
4153,143,0.004953689873218536,158.423,39.497,88.11,8.9,0,False,,763.0
4154,143,0.004827720578759909,161.269,41.699,91.0,8.8,0,False,,763.0
4155,143,0.004759748000651598,162.684,43.101,92.42,8.74,0,False,,763.0
4156,143,0.004850039724260569,160.824,41.236,90.57,8.83,0,False,,763.0
4157,143,0.004868801217526197,160.206,41.076,89.95,8.85,0,False,,763.0
4158,143,0.004900411702692509,159.543,40.474,89.3,8.83,0,False,,763.0
4159,143,0.004812519997358322,161.199,42.356,90.9,8.76,0,False,,763.0
4160,143,0.0048974743112921715,159.558,40.571,89.28,8.83,0,False,,763.0
4161,143,0.004936172626912594,158.915,39.701,88.62,8.86,0,False,,763.0
4162,143,0.004765759687870741,162.537,42.993,92.28,8.73,0,False,,763.0
4163,143,0.004992824979126453,157.552,38.851,87.32,8.95,0,False,,763.0
4164,143,0.004900452680885792,159.574,40.444,89.29,8.84,0,False,,763.0
4165,143,0.0048699285835027695,160.22,41.02,89.96,8.82,0,False,,763.0
4166,143,0.004821774549782276,161.18,42.012,90.9,8.79,0,False,,763.0
4167,143,0.004842707421630621,160.672,41.658,90.4,8.81,0,False,,763.0
4168,143,0.004823731258511543,161.098,42.009,90.82,8.81,0,False,,763.0
4169,143,0.004599716514348984,166.531,46.249,96.26,8.62,0,False,,763.0
4170,143,0.004681989550590515,164.626,44.507,94.35,8.67,0,False,,763.0
4171,143,0.00462848087772727,165.524,45.936,95.27,8.63,0,False,,763.0
4172,143,0.0049489568918943405,158.569,39.54,88.28,8.89,0,False,,763.0
4173,143,0.004749567713588476,163.256,42.991,92.99,8.65,0,False,,763.0
4174,143,0.0048103416338562965,161.671,42.013,91.41,8.74,0,False,,763.0
4175,143,0.004887253511697054,159.916,40.634,89.64,8.82,0,False,,763.0
4176,144,0.004994132090359926,157.427,38.916,87.16,8.96,0,False,,763.0
4177,144,0.004948693793267012,158.519,39.595,88.27,8.92,0,False,,763.0
4178,144,0.004911502823233604,159.292,40.283,89.02,8.84,0,False,,763.0
4179,144,0.004981770645827055,157.836,38.996,87.55,8.93,0,False,,763.0
4180,144,0.004832928068935871,160.79,41.931,90.52,8.8,0,False,,763.0
4181,144,0.0049311197362840176,158.987,39.824,88.72,8.9,0,False,,763.0
4182,144,0.004852491896599531,160.569,41.374,90.31,8.83,0,False,,763.0
4183,144,0.00485762907192111,160.225,41.488,89.97,8.8,0,False,,763.0
4184,144,0.004938127938657999,158.751,39.777,88.47,8.89,0,False,,763.0
4185,144,0.004928141366690397,159.232,39.713,88.96,8.85,0,False,,763.0
4186,144,0.004849355202168226,160.62,41.448,90.34,8.8,0,False,,763.0
4187,144,0.004586643073707819,167.442,45.984,97.22,8.56,0,False,,763.0
4188,144,0.004919381346553564,159.165,40.102,88.89,8.89,0,False,,763.0
4189,144,0.00486029963940382,160.304,41.313,90.02,8.83,0,False,,763.0
4190,144,0.004868390969932079,160.336,40.974,90.03,8.85,0,False,,763.0
4191,144,0.004737962037324905,163.519,43.22,93.28,8.7,0,False,,763.0
4192,144,0.004784935154020786,162.311,42.435,92.04,8.72,0,False,,763.0
4193,144,0.00492806825786829,158.827,40.084,88.54,8.88,0,False,,763.0
4194,144,0.004804837517440319,162.043,41.891,91.81,8.71,0,False,,763.0
4195,144,0.004694971721619368,164.16,44.394,93.88,8.66,0,False,,763.0
4196,144,0.00495121767744422,158.396,39.613,88.12,8.88,0,False,,763.0
4197,144,0.004853442311286926,160.742,41.18,90.48,8.79,0,False,,763.0
4198,144,0.004844422917813063,161.029,41.267,90.74,8.79,0,False,,763.0
4199,144,0.0048409742303192616,160.683,41.716,90.43,8.82,0,False,,763.0
4200,144,0.004955146927386522,158.195,39.65,87.91,8.93,0,False,,763.0
4201,144,0.004921469371765852,159.22,39.974,88.93,8.88,0,False,,763.0
4202,144,0.004830526653677225,161.362,41.505,91.09,8.8,0,False,,763.0
4203,144,0.004880051594227552,160.054,40.784,89.77,8.82,0,False,,763.0
4204,144,0.004900276195257902,159.818,40.229,89.56,8.83,0,False,,763.0
4205,145,0.004915486089885235,158.982,40.415,88.71,8.89,0,False,,763.0
4206,145,0.00492394994944334,158.99,40.09,88.69,8.85,0,False,,763.0
4207,145,0.004928819369524717,159.165,39.748,88.9,8.86,0,False,,763.0
4208,145,0.00493270717561245,158.775,39.958,88.48,8.91,0,False,,763.0
4209,145,0.004833898972719908,160.932,41.764,90.66,8.8,0,False,,763.0
4210,145,0.004827573895454407,161.004,41.945,90.74,8.82,0,False,,763.0
4211,145,0.004885207396000624,159.996,40.64,89.72,8.81,0,False,,763.0
4212,145,0.004920187406241894,159.296,39.953,89.03,8.85,0,False,,763.0
4213,145,0.0048454999923706055,160.666,41.556,90.39,8.79,0,False,,763.0
4214,145,0.004788842052221298,162.242,42.342,91.96,8.76,0,False,,763.0
4215,145,0.004911351017653942,159.258,40.32,88.97,8.86,0,False,,763.0
4216,145,0.004763239528983831,163.114,42.57,92.87,8.7,0,False,,763.0
4217,145,0.004879537038505077,160.155,40.712,89.88,8.82,0,False,,763.0
4218,145,0.0048849196173250675,159.933,40.708,89.61,8.8,0,False,,763.0
4219,145,0.004877041559666395,160.173,40.79,89.9,8.79,0,False,,763.0
4220,145,0.004821594338864088,161.564,41.67,91.31,8.77,0,False,,763.0
4221,145,0.0047035496681928635,164.887,43.38,94.59,8.58,0,False,,763.0
4222,145,0.00484522245824337,160.966,41.294,90.69,8.75,0,False,,763.0
4223,145,0.0047732456587255,162.916,42.35,92.63,8.72,0,False,,763.0
4224,145,0.004910083953291178,159.252,40.374,88.96,8.86,0,False,,763.0
4225,145,0.004809537902474403,161.727,41.993,91.45,8.75,0,False,,763.0
4226,145,0.005017399787902832,157.083,38.385,86.77,8.97,0,False,,763.0
4227,145,0.0048094685189425945,161.596,42.115,91.3,8.78,0,False,,763.0
4228,145,0.004958080127835274,158.308,39.439,88.04,8.91,0,False,,763.0
4229,145,0.0046013277024030685,166.73,45.999,96.46,8.57,0,False,,763.0
4230,145,0.004876745864748955,160.596,40.417,90.3,8.76,0,False,,763.0
4231,145,0.004862167406827211,160.676,40.903,90.41,8.79,0,False,,763.0
4232,145,0.004828224424272776,161.543,41.43,91.27,8.79,0,False,,763.0
4233,145,0.004785856697708368,162.18,42.518,91.91,8.76,0,False,,763.0
4234,146,0.004629053641110659,165.503,45.931,95.26,8.64,0,False,,763.0
4235,146,0.0048576174303889275,160.653,41.1,90.35,8.79,0,False,,763.0
4236,146,0.004911139141768217,159.603,40.014,89.33,8.84,0,False,,763.0
4237,146,0.004831123165786266,160.896,41.904,90.62,8.8,0,False,,763.0
4238,146,0.004871916025876999,160.294,40.877,90.01,8.8,0,False,,763.0
4239,146,0.00493991794064641,158.75,39.712,88.47,8.87,0,False,,763.0
4240,146,0.004955131094902754,158.304,39.552,88.03,8.91,0,False,,763.0
4241,146,0.0047898609191179276,161.966,42.553,91.68,8.73,0,False,,763.0
4242,146,0.004838794469833374,161.064,41.453,90.79,8.78,0,False,,763.0
4243,146,0.004917431622743607,159.325,40.03,89.06,8.89,0,False,,763.0
4244,146,0.004838757682591677,161.308,41.233,91.02,8.81,0,False,,763.0
4245,146,0.0048778182826936245,160.153,40.779,89.86,8.81,0,False,,763.0
4246,146,0.004763242322951555,162.481,43.145,92.19,8.75,0,False,,763.0
4247,146,0.0047647058963775635,162.78,42.815,92.5,8.67,0,False,,763.0
4248,146,0.004649972077459097,165.173,45.347,94.89,8.55,0,False,,763.0
4249,146,0.004787253215909004,162.544,42.131,92.27,8.73,0,False,,763.0
4250,146,0.004749949090182781,163.18,43.045,92.92,8.73,0,False,,763.0
4251,146,0.004878008272498846,160.277,40.659,90.01,8.81,0,False,,763.0
4252,146,0.004741397686302662,164.039,42.608,93.79,8.69,0,False,,763.0
4253,146,0.004922637715935707,158.708,40.396,88.48,8.91,0,False,,763.0
4254,146,0.004761895630508661,162.954,42.769,92.72,8.74,0,False,,763.0
4255,146,0.004820400383323431,161.843,41.463,91.58,8.8,0,False,,763.0
4256,146,0.004979760851711035,158.035,38.889,87.79,8.92,0,False,,763.0
4257,146,0.004895183257758617,159.814,40.426,89.58,8.81,0,False,,763.0
4258,146,0.004600126761943102,166.033,46.684,95.74,8.78,0,False,,763.0
4259,146,0.004979731980711222,157.851,39.058,87.58,8.93,0,False,,763.0
4260,146,0.004897634498775005,159.712,40.426,89.45,8.86,0,False,,763.0
4261,146,0.004855357110500336,160.43,41.389,90.17,8.82,0,False,,763.0
4262,146,0.004877905361354351,160.219,40.716,89.94,8.79,0,False,,763.0
4263,147,0.004880853928625584,160.708,40.159,90.41,8.77,0,False,,763.0
4264,147,0.004930829629302025,159.185,39.655,88.89,8.82,0,False,,763.0
4265,147,0.0049280584789812565,159.14,39.799,88.87,8.85,0,False,,763.0
4266,147,0.004751082044094801,162.903,43.25,92.64,8.76,0,False,,763.0
4267,147,0.00479217479005456,162.743,41.755,92.47,8.73,0,False,,763.0
4268,147,0.004879218526184559,159.862,40.99,89.57,8.84,0,False,,763.0
4269,147,0.004820963833481073,161.09,42.125,90.82,8.76,0,False,,763.0
4270,147,0.004798977170139551,161.982,42.178,91.71,8.68,0,False,,763.0
4271,147,0.004835387691855431,161.035,41.612,90.75,8.78,0,False,,763.0
4272,147,0.004791611805558205,162.296,42.183,92.03,8.72,0,False,,763.0
4273,147,0.004794779699295759,161.758,42.548,91.48,8.77,0,False,,763.0
4274,147,0.004927129950374365,159.579,39.435,89.3,8.83,0,False,,763.0
4275,147,0.004754430148750544,163.088,42.948,92.82,8.69,0,False,,763.0
4276,147,0.00488491915166378,160.193,40.472,89.92,8.8,0,False,,763.0
4277,147,0.004977019503712654,158.14,38.894,87.86,8.95,0,False,,763.0
4278,147,0.004857517778873444,160.481,41.26,90.26,8.8,0,False,,763.0
4279,147,0.004903025459498167,159.448,40.461,89.18,8.84,0,False,,763.0
4280,147,0.004891806282103062,159.543,40.801,89.28,8.86,0,False,,763.0
4281,147,0.004870451055467129,160.311,40.917,90.05,8.82,0,False,,763.0
4282,147,0.004745818674564362,163.553,42.872,93.27,8.68,0,False,,763.0
4283,147,0.004636697005480528,165.575,45.541,95.29,8.56,0,False,,763.0
4284,147,0.004750685766339302,163.362,42.849,93.12,8.66,0,False,,763.0
4285,147,0.004740220028907061,163.472,43.172,93.19,8.71,0,False,,763.0
4286,147,0.004875686019659042,160.223,40.797,89.97,8.84,0,False,,763.0
4287,147,0.004853105638176203,161.003,40.955,90.71,8.79,0,False,,763.0
4288,147,0.004718717187643051,163.763,43.781,93.51,8.67,0,False,,763.0
4289,147,0.004854066297411919,161.021,40.902,90.76,8.76,0,False,,763.0
4290,147,0.0048110997304320335,161.797,41.869,91.52,8.73,0,False,,763.0
4291,147,0.004869415890425444,160.35,40.921,90.07,8.8,0,False,,763.0
4292,148,0.004809252917766571,161.849,41.894,91.6,8.75,0,False,,763.0
4293,148,0.004803990013897419,161.907,42.048,91.63,8.7,0,False,,763.0
4294,148,0.004873689729720354,160.507,40.615,90.26,8.79,0,False,,763.0
4295,148,0.00478420639410615,162.165,42.596,91.91,8.73,0,False,,763.0
4296,148,0.004830291029065847,161.232,41.632,90.97,8.75,0,False,,763.0
4297,148,0.00493529113009572,158.841,39.801,88.55,8.84,0,False,,763.0
4298,148,0.004850971046835184,160.917,41.115,90.64,8.79,0,False,,763.0
4299,148,0.004817281384021044,161.696,41.718,91.44,8.75,0,False,,763.0
4300,148,0.004636451601982117,165.533,45.59,95.27,8.64,0,False,,763.0
4301,148,0.004646973218768835,165.212,45.438,94.95,8.59,0,False,,763.0
4302,148,0.004867974203079939,160.506,40.835,90.24,8.82,0,False,,763.0
4303,148,0.004665539599955082,165.083,44.777,94.83,8.65,0,False,,763.0
4304,148,0.004847282078117132,160.848,41.321,90.58,8.81,0,False,,763.0
4305,148,0.004813618957996368,161.919,41.659,91.64,8.75,0,False,,763.0
4306,148,0.004937006160616875,158.954,39.634,88.69,8.88,0,False,,763.0
4307,148,0.004846816882491112,161.083,41.126,90.82,8.77,0,False,,763.0
4308,148,0.004838831257075071,160.893,41.608,90.63,8.82,0,False,,763.0
4309,148,0.0049576712772250175,158.401,39.37,88.14,8.89,0,False,,763.0
4310,148,0.004886646289378405,160.066,40.522,89.78,8.83,0,False,,763.0
4311,148,0.004877181723713875,160.16,40.797,89.88,8.85,0,False,,763.0
4312,148,0.004854551050812006,160.362,41.482,90.06,8.8,0,False,,763.0
4313,148,0.004956344608217478,158.409,39.412,88.11,8.9,0,False,,763.0
4314,148,0.004880788270384073,160.305,40.527,90.03,8.82,0,False,,763.0
4315,148,0.004703005310148001,164.266,43.967,93.98,8.61,0,False,,763.0
4316,148,0.004559132270514965,167.895,46.768,97.61,8.53,0,False,,763.0
4317,148,0.004729981999844313,163.793,43.295,93.52,8.65,0,False,,763.0
4318,148,0.00455881655216217,167.585,47.064,97.29,8.49,0,False,,763.0
4319,148,0.004241999704390764,176.298,54.037,106.02,8.29,0,False,,763.0
4320,148,0.004819806665182114,161.674,41.64,91.41,8.73,0,False,,763.0
4321,149,0.004892424214631319,159.7,40.634,89.44,8.85,0,False,,763.0
4322,149,0.004880654159933329,160.119,40.701,89.82,8.81,0,False,,763.0
4323,149,0.00481398357078433,161.817,41.738,91.52,8.72,0,False,,763.0
4324,149,0.00483443820849061,161.278,41.429,91.03,8.73,0,False,,763.0
4325,149,0.004937507677823305,158.857,39.704,88.57,8.88,0,False,,763.0
4326,149,0.004746111109852791,163.265,43.122,93.03,8.69,0,False,,763.0
4327,149,0.004840366076678038,161.346,41.136,91.07,8.77,0,False,,763.0
4328,149,0.0048498548567295074,161.077,41.013,90.82,8.78,0,False,,763.0
4329,149,0.004860627930611372,160.645,40.991,90.36,8.8,0,False,,763.0
4330,149,0.0048554809764027596,160.929,40.931,90.68,8.8,0,False,,763.0
4331,149,0.004857716150581837,160.522,41.215,90.25,8.83,0,False,,763.0
4332,149,0.0048750536516308784,160.332,40.722,90.07,8.79,0,False,,763.0
4333,149,0.0048652272671461105,160.528,40.92,90.23,8.8,0,False,,763.0
4334,149,0.004796452354639769,162.067,42.201,91.8,8.76,0,False,,763.0
4335,149,0.004888152237981558,160.134,40.402,89.86,8.82,0,False,,763.0
4336,149,0.004790838807821274,162.493,42.035,92.23,8.7,0,False,,763.0
4337,149,0.004774759989231825,162.557,42.616,92.29,8.74,0,False,,763.0
4338,149,0.004902505781501532,159.765,40.193,89.51,8.84,0,False,,763.0
4339,149,0.004970567766577005,158.228,39.051,87.98,8.92,0,False,,763.0
4340,149,0.00483429990708828,161.32,41.396,91.03,8.77,0,False,,763.0
4341,149,0.004931558854877949,158.966,39.827,88.67,8.84,0,False,,763.0
4342,149,0.004820531699806452,161.495,41.773,91.24,8.78,0,False,,763.0
4343,149,0.004490741994231939,170.562,47.38,100.28,8.43,0,False,,763.0
4344,149,0.0048002516850829124,161.771,42.32,91.53,8.76,0,False,,763.0
4345,149,0.004709792323410511,163.986,43.944,93.76,8.63,0,False,,763.0
4346,149,0.004670348484069109,165.113,44.549,94.86,8.62,0,False,,763.0
4347,149,0.004684458952397108,164.512,44.509,94.22,8.63,0,False,,763.0
4348,149,0.004762279335409403,162.633,43.046,92.36,8.66,0,False,,763.0
4349,149,0.004855589009821415,160.701,41.134,90.44,8.79,0,False,,763.0
4350,150,0.00465648528188467,165.514,44.764,95.24,8.62,0,False,,763.0
4351,150,0.004757883958518505,162.971,42.915,92.69,8.69,0,False,,763.0
4352,150,0.00479334918782115,162.0,42.384,91.75,8.73,0,False,,763.0
4353,150,0.004749883897602558,163.309,42.929,93.04,8.67,0,False,,763.0
4354,150,0.004760532174259424,163.391,42.427,93.12,8.65,0,False,,763.0
4355,150,0.004647958558052778,165.726,44.929,95.48,8.58,0,False,,763.0
4356,150,0.004793174564838409,162.227,42.185,91.95,8.69,0,False,,763.0
4357,150,0.00476066255941987,162.554,43.182,92.31,8.75,0,False,,763.0
4358,150,0.004504967015236616,169.491,47.714,99.23,8.43,0,False,,763.0
4359,150,0.004810665734112263,161.869,41.82,91.6,8.76,0,False,,763.0
4360,150,0.004821948241442442,161.024,42.147,90.75,8.8,0,False,,763.0
4361,150,0.00486227311193943,160.793,40.793,90.5,8.76,0,False,,763.0
4362,150,0.004789990372955799,162.599,41.972,92.34,8.69,0,False,,763.0
4363,150,0.004697301425039768,164.092,44.36,93.81,8.67,0,False,,763.0
4364,150,0.00476628914475441,162.756,42.773,92.51,8.74,0,False,,763.0
4365,150,0.004508267622441053,169.646,47.426,99.34,8.42,0,False,,763.0
4366,150,0.004899770021438599,159.794,40.27,89.56,8.86,0,False,,763.0
4367,150,0.004697474651038647,164.704,43.797,94.43,8.58,0,False,,763.0
4368,150,0.004715948831290007,164.004,43.675,93.71,8.71,0,False,,763.0
4369,150,0.004736135248094797,162.893,43.864,92.61,8.7,0,False,,763.0
4370,150,0.004795415326952934,161.875,42.415,91.6,8.74,0,False,,763.0
4371,150,0.004846700467169285,161.105,41.11,90.82,8.78,0,False,,763.0
4372,150,0.004755390342324972,163.08,42.916,92.81,8.68,0,False,,763.0
4373,150,0.004856272134929895,160.89,40.936,90.63,8.78,0,False,,763.0
4374,150,0.0049040657468140125,159.679,40.212,89.43,8.84,0,False,,763.0
4375,150,0.004884416237473488,159.91,40.748,89.66,8.8,0,False,,763.0
4376,150,0.004768278915435076,162.291,43.117,91.97,8.72,0,False,,763.0
4377,150,0.004865243099629879,160.506,40.94,90.25,8.83,0,False,,763.0
4378,150,0.004899600055068731,159.896,40.183,89.62,8.87,0,False,,763.0
